id,title,handle,first_seen,last_seen,first_visible,last_visible,change_count,first_skus,last_skus
,【ヰ世界情緒】「Anima」デジタルライブパンフレット,ise-200-0170,2026-08-30T04:58:56.602357+00:00,2026-08-30T04:58:59.443661+00:00,,,,,
,【ヰ世界情緒】「isekaijoucho&ANEMOS」パーカー／BLACK／2DAYS LIVE DAY1「Flower Closet」 DAY2「Anima Re:birth」OFFICIAL GOODS,ise-300-0003,2026-08-30T04:58:56.602357+00:00,2026-08-30T04:58:59.443661+00:00,,,,,
,【ヰ世界情緒】「isekaijoucho&ANEMOS」パーカー／WHITE／2DAYS LIVE DAY1「Flower Closet」 DAY2「Anima Re:birth」OFFICIAL GOODS,ise-300-0005,2026-08-30T04:58:56.602357+00:00,2026-08-30T04:58:59.443661+00:00,,,,,
,【ヰ世界情緒】アクリルスタンド ジオラマドラマver.／2DAYS LIVE DAY1「Flower Closet」 DAY2「Anima Re:birth」OFFICIAL GOODS,ise-300-0011,2026-08-30T04:58:56.602357+00:00,2026-08-30T04:58:59.443661+00:00,,,,,
,【ヰ世界情緒】アクリルスタンド 蜜月アン・ドゥ・トロワ ver.／2DAYS LIVE DAY1「Flower Closet」 DAY2「Anima Re:birth」OFFICIAL GOODS,ise-300-0012,2026-08-30T04:58:56.602357+00:00,2026-08-30T04:58:59.443661+00:00,,,,,
,【ヰ世界情緒】シンギュラリティーのひ ヰ世界情緒 Tシャツ／KAMITSUBAKI FES 2023,ise-300-0059,2026-08-30T04:58:56.602357+00:00,2026-08-30T04:58:59.443661+00:00,,,,,
,【ヰ世界情緒】フルグラフィックTシャツ／Virtual mini live「parallel canvas」,ise-300-0065,2026-08-30T04:58:56.602357+00:00,2026-08-30T04:58:59.443661+00:00,,,,,
,【ヰ世界情緒】マフラータオル／Virtual mini live「parallel canvas」,ise-300-0066,2026-08-30T04:58:56.602357+00:00,2026-08-30T04:58:59.443661+00:00,,,,,
,【ヰ世界情緒】タペストリー／Virtual mini live「parallel canvas」,ise-300-0067,2026-08-30T04:58:56.602357+00:00,2026-08-30T04:58:59.443661+00:00,,,,,
,【ヰ世界情緒】parallel canvasグッズセット（特典付き）／Virtual mini live「parallel canvas」,ise-300-0068,2026-08-30T04:58:56.602357+00:00,2026-08-30T04:58:59.443661+00:00,,,,,
,【ヰ世界情緒】ランダムブロマイド（3枚入り）／Virtual mini live「parallel canvas」,ise-300-0069,2026-08-30T04:58:56.602357+00:00,2026-08-30T04:58:59.443661+00:00,,,,,
,【ヰ世界情緒】おすわりぬいぐるみ アネモネ ver.／ヰ世界情緒 2DAYS LIVE Blu-ray ＆ 復刻おすわりぬいぐるみ,ise-300-0070,2026-08-30T04:58:56.602357+00:00,2026-08-30T04:58:59.443661+00:00,,,,,
,【ヰ世界情緒】おすわりぬいぐるみ ネモフィラ ver.／ヰ世界情緒 2DAYS LIVE Blu-ray ＆ 復刻おすわりぬいぐるみ,ise-300-0071,2026-08-30T04:58:56.602357+00:00,2026-08-30T04:58:59.443661+00:00,,,,,
,【ヰ世界情緒】オルゴール（シリウスの心臓）／SINKA LIVE SERIES EP.Ⅰ ヰ世界情緒,ise-300-0072,2026-08-30T04:58:56.602357+00:00,2026-08-30T04:58:59.443661+00:00,,,,,
,【ヰ世界情緒】Tシャツ／WHITE／SINKA LIVE SERIES EP.Ⅰ ヰ世界情緒,ise-300-0073,2026-08-30T04:58:56.602357+00:00,2026-08-30T04:58:59.443661+00:00,,,,,
,【ヰ世界情緒】Tシャツ／BLACK／SINKA LIVE SERIES EP.Ⅰ ヰ世界情緒,ise-300-0076,2026-08-30T04:58:56.602357+00:00,2026-08-30T04:58:59.443661+00:00,,,,,
,【ヰ世界情緒】アクリルスタンド Anima Ⅱ ver.／SINKA LIVE SERIES EP.Ⅰ ヰ世界情緒,ise-300-0079,2026-08-30T04:58:56.602357+00:00,2026-08-30T04:58:59.443661+00:00,,,,,
,【ヰ世界情緒】ランダムラバーキーホルダー（全6種）／SINKA LIVE SERIES EP.Ⅰ ヰ世界情緒,ise-300-0080,2026-08-30T04:58:56.602357+00:00,2026-08-30T04:58:59.443661+00:00,,,,,
,【ヰ世界情緒】ペアパスタプレート／SINKA LIVE SERIES EP.Ⅰ ヰ世界情緒,ise-300-0081,2026-08-30T04:58:56.602357+00:00,2026-08-30T04:58:59.443661+00:00,,,,,
,【ヰ世界情緒】メタルアートパネル（シリアルナンバー入り）／SINKA LIVE SERIES EP.Ⅰ ヰ世界情緒,ise-300-0082,2026-08-30T04:58:56.602357+00:00,2026-08-30T04:58:59.443661+00:00,,,,,
,【ヰ世界情緒】ステッカーセット／SINKA LIVE SERIES EP.Ⅰ ヰ世界情緒,ise-300-0083,2026-08-30T04:58:56.602357+00:00,2026-08-30T04:58:59.443661+00:00,,,,,
,【ヰ世界情緒】ショルダーバッグ／SINKA LIVE SERIES EP.Ⅰ ヰ世界情緒,ise-300-0084,2026-08-30T04:58:56.602357+00:00,2026-08-30T04:58:59.443661+00:00,,,,,
,【ヰ世界情緒】ネモフィラキーリング／SINKA LIVE SERIES EP.Ⅰ ヰ世界情緒,ise-300-0085,2026-08-30T04:58:56.602357+00:00,2026-08-30T04:58:59.443661+00:00,,,,,
,【ヰ世界情緒】クリアファイルセット／SINKA LIVE SERIES EP.Ⅰ ヰ世界情緒,ise-300-0086,2026-08-30T04:58:56.602357+00:00,2026-08-30T04:58:59.443661+00:00,,,,,
,【ヰ世界情緒】ビジュアルマルチクロス／SINKA LIVE SERIES EP.Ⅰ ヰ世界情緒,ise-300-0087,2026-08-30T04:58:56.602357+00:00,2026-08-30T04:58:59.443661+00:00,,,,,
,【ヰ世界情緒】マグカップ＆コースターセット／Virtual mini live「parallel canvas Ⅱ」,ise-300-0089,2026-08-30T04:58:56.602357+00:00,2026-08-30T04:58:59.443661+00:00,,,,,
,【ヰ世界情緒】キャンディーアクリルキーホルダー／Virtual mini live「parallel canvas Ⅱ」,ise-300-0090,2026-08-30T04:58:56.602357+00:00,2026-08-30T04:58:59.443661+00:00,,,,,
,【ヰ世界情緒】アンティーク風 懐中時計／Virtual mini live「parallel canvas Ⅱ」,ise-300-0091,2026-08-30T04:58:56.602357+00:00,2026-08-30T04:58:59.443661+00:00,,,,,
,【ヰ世界情緒】ジップアップパーカー／Virtual mini live「parallel canvas Ⅱ」,ise-300-0092,2026-08-30T04:58:56.602357+00:00,2026-08-30T04:58:59.443661+00:00,,,,,
,【ヰ世界情緒】アロマキャンドル／Virtual mini live「parallel canvas Ⅱ」,ise-300-0095,2026-08-30T04:58:56.602357+00:00,2026-08-30T04:58:59.443661+00:00,,,,,
,【ヰ世界情緒】アクリルスタンド／Virtual mini live「parallel canvas Ⅱ」,ise-300-0096,2026-08-30T04:58:56.602357+00:00,2026-08-30T04:58:59.443661+00:00,,,,,
,【ヰ世界情緒】アクリルフォトスタンド／Virtual mini live「parallel canvas Ⅱ」,ise-300-0097,2026-08-30T04:58:56.602357+00:00,2026-08-30T04:58:59.443661+00:00,,,,,
,【ヰ世界情緒】きぐるみ付きミニクッションマスコット／Virtual mini live「parallel canvas Ⅱ」,ise-300-0098,2026-08-30T04:58:56.602357+00:00,2026-08-30T04:58:59.443661+00:00,,,,,
,【ヰ世界情緒】リバーシブルブランケット／Virtual mini live「parallel canvas Ⅱ」,ise-300-0099,2026-08-30T04:58:56.602357+00:00,2026-08-30T04:58:59.443661+00:00,,,,,
,【ヰ世界情緒】オリジナルブルゾン ネモフィラ ver.／2nd Album「色彩」& 4th Anniversary & ヰ世界電子通信部 OFFICIAL GOODS,ise-300-0101,2026-08-30T04:58:56.602357+00:00,2026-08-30T04:58:59.443661+00:00,,,,,
,【ヰ世界情緒】アートフラワーディフューザー produced by ISEKAIJOUCHO／2nd Album「色彩」& 4th Anniversary & ヰ世界電子通信部 OFFICIAL GOODS,ise-300-0103,2026-08-30T04:58:56.602357+00:00,2026-08-30T04:58:59.443661+00:00,,,,,
,【ヰ世界情緒】デザインフレームアート（シリアルナンバー入り）／2nd Album「色彩」& 4th Anniversary & ヰ世界電子通信部 OFFICIAL GOODS,ise-300-0104,2026-08-30T04:58:56.602357+00:00,2026-08-30T04:58:59.443661+00:00,,,,,
,【ヰ世界情緒】4th Anniversary リング／2nd Album「色彩」& 4th Anniversary & ヰ世界電子通信部 OFFICIAL GOODS,ise-300-0105,2026-08-30T04:58:56.602357+00:00,2026-08-30T04:58:59.443661+00:00,,,,,
,【ヰ世界情緒】「色彩」缶バッジセット（2個）／2nd Album「色彩」& 4th Anniversary & ヰ世界電子通信部 OFFICIAL GOODS,ise-300-0106,2026-08-30T04:58:56.602357+00:00,2026-08-30T04:58:59.443661+00:00,,,,,
,【ヰ世界情緒】ヰ世界電子通信部　卓上カレンダー／2nd Album「色彩」& 4th Anniversary & ヰ世界電子通信部 OFFICIAL GOODS,ise-300-0107,2026-08-30T04:58:56.602357+00:00,2026-08-30T04:58:59.443661+00:00,,,,,
,【ヰ世界情緒】ヰ世界電子通信部　ロングスリーブTシャツ／2nd Album「色彩」& 4th Anniversary & ヰ世界電子通信部 OFFICIAL GOODS,ise-300-0108,2026-08-30T04:58:56.602357+00:00,2026-08-30T04:58:59.443661+00:00,,,,,
,【ヰ世界情緒】ヰ世界電子通信部　ディスプレイ風アクリルスタンド／2nd Album「色彩」& 4th Anniversary & ヰ世界電子通信部 OFFICIAL GOODS,ise-300-0111,2026-08-30T04:58:56.602357+00:00,2026-08-30T04:58:59.443661+00:00,,,,,
,【ヰ世界情緒】ヰ世界電子通信部　ルームキーホルダー／2nd Album「色彩」& 4th Anniversary & ヰ世界電子通信部 OFFICIAL GOODS,ise-300-0112,2026-08-30T04:58:56.602357+00:00,2026-08-30T04:58:59.443661+00:00,,,,,
,【ヰ世界情緒】「project canvas ～ヰ世界情緒育成計画～」スペシャルグッズセット／「project canvas ～ヰ世界情緒育成計画～」OFFICIAL GOODS,ise-300-0117,2026-08-30T04:58:56.602357+00:00,2026-08-30T04:58:59.443661+00:00,,,,,
,【ヰ世界情緒】「project canvas ～ヰ世界情緒育成計画～」タペストリー／「project canvas ～ヰ世界情緒育成計画～」OFFICIAL GOODS,ise-300-0118,2026-08-30T04:58:56.602357+00:00,2026-08-30T04:58:59.443661+00:00,,,,,
,【ヰ世界情緒】「project canvas ～ヰ世界情緒育成計画～」リバーシブルアクリルスタンド／「project canvas ～ヰ世界情緒育成計画～」OFFICIAL GOODS,ise-300-0119,2026-08-30T04:58:56.602357+00:00,2026-08-30T04:58:59.443661+00:00,,,,,
,【ヰ世界情緒】ステンドグラスキーホルダー／「project canvas ～ヰ世界情緒育成計画～」OFFICIAL GOODS,ise-300-0120,2026-08-30T04:58:56.602357+00:00,2026-08-30T04:58:59.443661+00:00,,,,,
,【ヰ世界情緒】グラスマグカップ／「project canvas ～ヰ世界情緒育成計画～」OFFICIAL GOODS,ise-300-0121,2026-08-30T04:58:56.602357+00:00,2026-08-30T04:58:59.443661+00:00,,,,,
,【ヰ世界情緒】pixel art Tシャツ ／「project canvas ～ヰ世界情緒育成計画～」OFFICIAL GOODS,ise-300-0122,2026-08-30T04:58:56.602357+00:00,2026-08-30T04:58:59.443661+00:00,,,,,
,【ヰ世界情緒】pixel art ロングスリーブTシャツ ／「project canvas ～ヰ世界情緒育成計画～」OFFICIAL GOODS,ise-300-0125,2026-08-30T04:58:56.602357+00:00,2026-08-30T04:58:59.443661+00:00,,,,,
,【ヰ世界情緒】pixel art デスクマット／「project canvas ～ヰ世界情緒育成計画～」OFFICIAL GOODS,ise-300-0128,2026-08-30T04:58:56.602357+00:00,2026-08-30T04:58:59.443661+00:00,,,,,
,【ヰ世界情緒】pixel art クッション／「project canvas ～ヰ世界情緒育成計画～」OFFICIAL GOODS,ise-300-0129,2026-08-30T04:58:56.602357+00:00,2026-08-30T04:58:59.443661+00:00,,,,,
,【ヰ世界情緒】pixel art ステーショナリーセット／「project canvas ～ヰ世界情緒育成計画～」OFFICIAL GOODS,ise-300-0130,2026-08-30T04:58:56.602357+00:00,2026-08-30T04:58:59.443661+00:00,,,,,
,【ヰ世界情緒】pixel art フォンタブ＆スマホリングストラップ／「project canvas ～ヰ世界情緒育成計画～」OFFICIAL GOODS,ise-300-0131,2026-08-30T04:58:56.602357+00:00,2026-08-30T04:58:59.443661+00:00,,,,,
,【ヰ世界情緒】pixel art スマホデコステッカーセット／「project canvas ～ヰ世界情緒育成計画～」OFFICIAL GOODS,ise-300-0132,2026-08-30T04:58:56.602357+00:00,2026-08-30T04:58:59.443661+00:00,,,,,
,【ヰ世界情緒】pixel art ランダム2wayアクリルスタンド／「project canvas ～ヰ世界情緒育成計画～」OFFICIAL GOODS,ise-300-0133,2026-08-30T04:58:56.602357+00:00,2026-08-30T04:58:59.443661+00:00,,,,,
,【ヰ世界情緒】「Anima Ⅲ」ライブパンフレット／3rd ONE-MAN LIVE「Anima Ⅲ」,ise-300-0134,2026-08-30T04:58:56.602357+00:00,2026-08-30T04:58:59.443661+00:00,,,,,
,【ヰ世界情緒】ビッグシルエットステッチTシャツ／3rd ONE-MAN LIVE「Anima Ⅲ」,ise-300-0135,2026-08-30T04:58:56.602357+00:00,2026-08-30T04:58:59.443661+00:00,,,,,
,【ヰ世界情緒】「Anima Ⅲ」グラフィックTシャツ／3rd ONE-MAN LIVE「Anima Ⅲ」,ise-300-0137,2026-08-30T04:58:56.602357+00:00,2026-08-30T04:58:59.443661+00:00,,,,,
,【ヰ世界情緒】ジャガードマフラータオル／3rd ONE-MAN LIVE「Anima Ⅲ」,ise-300-0142,2026-08-30T04:58:56.602357+00:00,2026-08-30T04:58:59.443661+00:00,,,,,
,【ヰ世界情緒】サコッシュ／3rd ONE-MAN LIVE「Anima Ⅲ」,ise-300-0143,2026-08-30T04:58:56.602357+00:00,2026-08-30T04:58:59.443661+00:00,,,,,
,【ヰ世界情緒】BIGサマートートバッグ／3rd ONE-MAN LIVE「Anima Ⅲ」,ise-300-0144,2026-08-30T04:58:56.602357+00:00,2026-08-30T04:58:59.443661+00:00,,,,,
,【ヰ世界情緒】レザーブレスレット アネモネ ver.／3rd ONE-MAN LIVE「Anima Ⅲ」,ise-300-0145,2026-08-30T04:58:56.602357+00:00,2026-08-30T04:58:59.443661+00:00,,,,,
,【ヰ世界情緒】接触冷感なりきりフードタオル／3rd ONE-MAN LIVE「Anima Ⅲ」,ise-300-0146,2026-08-30T04:58:56.602357+00:00,2026-08-30T04:58:59.443661+00:00,,,,,
,【ヰ世界情緒】チケットホルダーバッジ（自己紹介カード、レプリカチケット付）／3rd ONE-MAN LIVE「Anima Ⅲ」,ise-300-0147,2026-08-30T04:58:56.602357+00:00,2026-08-30T04:58:59.443661+00:00,,,,,
,【ヰ世界情緒】アネモスラゲッジタグ／3rd ONE-MAN LIVE「Anima Ⅲ」,ise-300-0148,2026-08-30T04:58:56.602357+00:00,2026-08-30T04:58:59.443661+00:00,,,,,
,【ヰ世界情緒】アクリルスタンド 「Anima Ⅲ」 ver.／3rd ONE-MAN LIVE「Anima Ⅲ」,ise-300-0149,2026-08-30T04:58:56.602357+00:00,2026-08-30T04:58:59.443661+00:00,,,,,
,【ヰ世界情緒】アクリルフォトスタンド 「Anima Ⅲ」 ver.／3rd ONE-MAN LIVE「Anima Ⅲ」,ise-300-0150,2026-08-30T04:58:56.602357+00:00,2026-08-30T04:58:59.443661+00:00,,,,,
,【ヰ世界情緒】ラバーバンドセット／SINKA LIVE SERIES EP.Ⅰ ヰ世界情緒 2nd ONE-MAN LIVE「Anima Ⅱ」Blu-ray & 3rd ONE-MAN LIVE「Anima Ⅲ」第二弾,ise-300-0155,2026-08-30T04:58:56.602357+00:00,2026-08-30T04:58:59.443661+00:00,,,,,
,【ヰ世界情緒】ランダムステッカーセット4枚入り（全22種）／SINKA LIVE SERIES EP.Ⅰ ヰ世界情緒 2nd ONE-MAN LIVE「Anima Ⅱ」Blu-ray & 3rd ONE-MAN LIVE「Anima Ⅲ」第二弾,ise-300-0157,2026-08-30T04:58:56.602357+00:00,2026-08-30T04:58:59.443661+00:00,,,,,
,【ヰ世界情緒】ショッパー／SINKA LIVE SERIES EP.Ⅰ ヰ世界情緒 2nd ONE-MAN LIVE「Anima Ⅱ」Blu-ray & 3rd ONE-MAN LIVE「Anima Ⅲ」第二弾,ise-300-0158,2026-08-30T04:58:56.602357+00:00,2026-08-30T04:58:59.443661+00:00,,,,,
,【ヰ世界情緒】アクリルフォトプロップス／SINKA LIVE SERIES EP.Ⅰ ヰ世界情緒 2nd ONE-MAN LIVE「Anima Ⅱ」Blu-ray & 3rd ONE-MAN LIVE「Anima Ⅲ」第二弾,ise-300-0159,2026-08-30T04:58:56.602357+00:00,2026-08-30T04:58:59.443661+00:00,,,,,
,【ヰ世界情緒】缶バッジ／SINKA LIVE SERIES EP.Ⅰ ヰ世界情緒 2nd ONE-MAN LIVE「Anima Ⅱ」Blu-ray & 3rd ONE-MAN LIVE「Anima Ⅲ」第二弾,ise-300-0160,2026-08-30T04:58:56.602357+00:00,2026-08-30T04:58:59.443661+00:00,,,,,
,【ヰ世界情緒】保冷トート／SINKA LIVE SERIES EP.Ⅰ ヰ世界情緒 2nd ONE-MAN LIVE「Anima Ⅱ」Blu-ray & 3rd ONE-MAN LIVE「Anima Ⅲ」第二弾,ise-300-0161,2026-08-30T04:58:56.602357+00:00,2026-08-30T04:58:59.443661+00:00,,,,,
,【ヰ世界情緒】クリアプレート／SINKA LIVE SERIES EP.Ⅰ ヰ世界情緒 2nd ONE-MAN LIVE「Anima Ⅱ」Blu-ray & 3rd ONE-MAN LIVE「Anima Ⅲ」第二弾,ise-300-0162,2026-08-30T04:58:56.602357+00:00,2026-08-30T04:58:59.443661+00:00,,,,,
,【ヰ世界情緒】オルゴール（かたちなきもの）／SINKA LIVE SERIES EP.Ⅰ ヰ世界情緒 2nd ONE-MAN LIVE「Anima Ⅱ」Blu-ray & 3rd ONE-MAN LIVE「Anima Ⅲ」第二弾,ise-300-0163,2026-08-30T04:58:56.602357+00:00,2026-08-30T04:58:59.443661+00:00,,,,,
,【ヰ世界情緒】ネックレス ネモフィラ ver.／SINKA LIVE SERIES EP.Ⅰ ヰ世界情緒 2nd ONE-MAN LIVE「Anima Ⅱ」Blu-ray & 3rd ONE-MAN LIVE「Anima Ⅲ」第二弾,ise-300-0164,2026-08-30T04:58:56.602357+00:00,2026-08-30T04:58:59.443661+00:00,,,,,
,【ヰ世界情緒】ランダムスクエア缶バッジ（全13種）／SINKA LIVE SERIES EP.Ⅰ ヰ世界情緒 2nd ONE-MAN LIVE「Anima Ⅱ」Blu-ray & 3rd ONE-MAN LIVE「Anima Ⅲ」第二弾,ise-300-0168,2026-08-30T04:58:56.602357+00:00,2026-08-30T04:58:59.443661+00:00,,,,,
,【春猿火×ヰ世界情緒】連結アクリルスタンド ヰ世界情緒／KAMITSUBAKI RADIO CLUB VIRTUAL MINI LIVE,ise-300-0171,2026-08-30T04:58:56.602357+00:00,2026-08-30T04:58:59.443661+00:00,,,,,
,【ヰ世界情緒】衣装メタルチャーム ヰ世界情緒／コミックマーケット105出展記念グッズ,ise-300-0172,2026-08-30T04:58:56.602357+00:00,2026-08-30T04:58:59.443661+00:00,,,,,
,【ヰ世界情緒】フチ染アクリルスタンド ヰ世界情緒／コミックマーケット105出展記念グッズ,ise-300-0173,2026-08-30T04:58:56.602357+00:00,2026-08-30T04:58:59.443661+00:00,,,,,
,【ヰ世界情緒】アクリルネームキーホルダー ヰ世界情緒／コミックマーケット105出展記念グッズ,ise-300-0174,2026-08-30T04:58:56.602357+00:00,2026-08-30T04:58:59.443661+00:00,,,,,
,【ヰ世界情緒】AVIOT×ヰ世界情緒 ボイス入りワイヤレスイヤホン（特典ステッカー入り）／Virtual mini live「Collection Bouquet」& 5th Anniversary & 3rd ONE-MAN LIVE「Anima Ⅲ」Blu-ray,ise-300-0175,2026-08-30T04:58:56.602357+00:00,2026-08-30T04:58:59.443661+00:00,,,,,
,【ヰ世界情緒】5th ANNIVERSARY ART（シリアルナンバー入り）／Virtual mini live「Collection Bouquet」& 5th Anniversary & 3rd ONE-MAN LIVE「Anima Ⅲ」Blu-ray,ise-300-0176,2026-08-30T04:58:56.602357+00:00,2026-08-30T04:58:59.443661+00:00,,,,,
,【ヰ世界情緒】ミニチュアコスチュームマスコット ネモフィラ ver.／Virtual mini live「Collection Bouquet」& 5th Anniversary & 3rd ONE-MAN LIVE「Anima Ⅲ」Blu-ray,ise-300-0177,2026-08-30T04:58:56.602357+00:00,2026-08-30T04:58:59.443661+00:00,,,,,
,【ヰ世界情緒】ミニチュアコスチュームマスコット サンフラワー ver.／Virtual mini live「Collection Bouquet」& 5th Anniversary & 3rd ONE-MAN LIVE「Anima Ⅲ」Blu-ray,ise-300-0178,2026-08-30T04:58:56.602357+00:00,2026-08-30T04:58:59.443661+00:00,,,,,
,【ヰ世界情緒】万年筆＆インクセット（特典ポストカード付き）／Virtual mini live「Collection Bouquet」& 5th Anniversary & 3rd ONE-MAN LIVE「Anima Ⅲ」Blu-ray,ise-300-0179,2026-08-30T04:58:56.602357+00:00,2026-08-30T04:58:59.443661+00:00,,,,,
,【ヰ世界情緒】「Collection Bouquet」アクリルフォトスタンド／Virtual mini live「Collection Bouquet」& 5th Anniversary & 3rd ONE-MAN LIVE「Anima Ⅲ」Blu-ray,ise-300-0180,2026-08-30T04:58:56.602357+00:00,2026-08-30T04:58:59.443661+00:00,,,,,
,【ヰ世界情緒】缶バッジ 3個セット／Virtual mini live「Collection Bouquet」& 5th Anniversary & 3rd ONE-MAN LIVE「Anima Ⅲ」Blu-ray,ise-300-0181,2026-08-30T04:58:56.602357+00:00,2026-08-30T04:58:59.443661+00:00,,,,,
,【ヰ世界情緒】ゴミダスぬいぐるみ／ヰ世界情緒 6th Anniversary OFFICIAL GOODS,ise-300-0185,2026-08-30T04:58:56.602357+00:00,2026-08-30T04:58:59.443661+00:00,,,,,
,【ヰ世界情緒】ゴミダスポーチ／ヰ世界情緒 6th Anniversary OFFICIAL GOODS,ise-300-0186,2026-08-30T04:58:56.602357+00:00,2026-08-30T04:58:59.443661+00:00,,,,,
,【ヰ世界情緒】砂時計&オリジナルハーブティー セット／ヰ世界情緒展Ⅱ,ise-300-0187,2026-08-30T04:58:56.602357+00:00,2026-08-30T04:58:59.443661+00:00,,,,,
,【ヰ世界情緒】カーディガン／ヰ世界情緒展Ⅱ,ise-300-0190,2026-08-30T04:58:56.602357+00:00,2026-08-30T04:58:59.443661+00:00,,,,,
,【ヰ世界情緒】キャンバストートバッグ／ヰ世界情緒展Ⅱ,ise-300-0192,2026-08-30T04:58:56.602357+00:00,2026-08-30T04:58:59.443661+00:00,,,,,
,【ヰ世界情緒】ランダム缶バッジ ヰ世界情緒展Ⅱ ver.／ヰ世界情緒展Ⅱ,ise-300-0194,2026-08-30T04:58:56.602357+00:00,2026-08-30T04:58:59.443661+00:00,,,,,
,【ヰ世界情緒】ランダムアクリルキーホルダー ヰ世界情緒展Ⅱ ver.／ヰ世界情緒展Ⅱ,ise-300-0196,2026-08-30T04:58:56.602357+00:00,2026-08-30T04:58:59.443661+00:00,,,,,
,【ヰ世界情緒】アクリルスタンド サンフラワー ver.／ヰ世界情緒展Ⅱ,ise-300-0197,2026-08-30T04:58:56.602357+00:00,2026-08-30T04:58:59.443661+00:00,,,,,
,【ヰ世界情緒】タペストリー サンフラワー ver.／ヰ世界情緒展Ⅱ,ise-300-0198,2026-08-30T04:58:56.602357+00:00,2026-08-30T04:58:59.443661+00:00,,,,,
,【ヰ世界情緒】ジクレーアート illustration byれおえん／ヰ世界情緒展Ⅱ,ise-300-0206,2026-08-30T04:58:56.602357+00:00,2026-08-30T04:58:59.443661+00:00,,,,,
,【ヰ世界情緒】3層アクリルフレームアート illustration byヰ世界情緒／ヰ世界情緒展Ⅱ,ise-300-0207,2026-08-30T04:58:56.602357+00:00,2026-08-30T04:58:59.443661+00:00,,,,,
,【ヰ世界情緒】おすわりぬいぐるみ サンフラワー ver.／ヰ世界情緒 2DAYS LIVE Blu-ray ＆ 復刻おすわりぬいぐるみ,ise-300-0208,2026-08-30T04:58:56.602357+00:00,2026-08-30T04:58:59.443661+00:00,,,,,
,【ヰ世界情緒】リードディフューザー produced by ISEKAIJOUCHO／ヰ世界情緒展Ⅱ,ise-300-0209,2026-08-30T04:58:56.602357+00:00,2026-08-30T04:58:59.443661+00:00,,,,,
,【ヰ世界情緒】ヰ世界情緒作品集「息吹Ⅱ」／ヰ世界情緒展Ⅱ,ise-300-0210,2026-08-30T04:58:56.602357+00:00,2026-08-30T04:58:59.443661+00:00,,,,,
,【ヰ世界情緒】「Anima Ⅲ」デジタルライブパンフレット／3rd ONE-MAN LIVE「Anima Ⅲ」,ise-300-0212,2026-08-30T04:58:56.602357+00:00,2026-08-30T04:58:59.443661+00:00,,,,,
,【ヰ世界情緒】マフラータオル ヰ世界情緒／KAMITSUBAKI WARS 2025 神椿後楽園戦線 KAMITSUBAKI XPERIENCE,ise-300-0214,2026-08-30T04:58:56.602357+00:00,2026-08-30T04:58:59.443661+00:00,,,,,
,【ヰ世界情緒】チケット風アクリルキーホルダー ヰ世界情緒／KAMITSUBAKI WARS 2025 神椿後楽園戦線 KAMITSUBAKI XPERIENCE,ise-300-0215,2026-08-30T04:58:56.602357+00:00,2026-08-30T04:58:59.443661+00:00,,,,,
,【ヰ世界情緒】ライブ応援グッズセット ヰ世界情緒／KAMITSUBAKI WARS 2025 神椿後楽園戦線 KAMITSUBAKI XPERIENCE,ise-300-0216,2026-08-30T04:58:56.602357+00:00,2026-08-30T04:58:59.443661+00:00,,,,,
,【ヰ世界情緒】アクリルスタンド／THINKR XR CLASSICS presents KAMITSUBAKI FILM CONCERT「神椿演奏会／想像」,ise-300-0219,2026-08-30T04:58:56.602357+00:00,2026-08-30T04:58:59.443661+00:00,,,,,
,【ヰ世界情緒】チケット風キーホルダー／THINKR XR CLASSICS presents KAMITSUBAKI FILM CONCERT「神椿演奏会／想像」,ise-300-0220,2026-08-30T04:58:56.602357+00:00,2026-08-30T04:58:59.443661+00:00,,,,,
,【ヰ世界情緒】缶ケース＆缶バッジセット／THINKR XR CLASSICS presents KAMITSUBAKI FILM CONCERT「神椿演奏会／想像」,ise-300-0221,2026-08-30T04:58:56.602357+00:00,2026-08-30T04:58:59.443661+00:00,,,,,
,【ヰ世界情緒】FMS限定 タペストリー／THINKR XR CLASSICS presents KAMITSUBAKI FILM CONCERT「神椿演奏会／想像」,ise-300-0222,2026-08-30T04:58:56.602357+00:00,2026-08-30T04:58:59.443661+00:00,,,,,
,【ヰ世界情緒】KAMITSUBAKI XP ビックアクリルスタンド ヰ世界情緒／KAMITSUBAKI WARS 2025 神椿後楽園戦線 KAMITSUBAKI XPERIENCE,ise-300-0223,2026-08-30T04:58:56.602357+00:00,2026-08-30T04:58:59.443661+00:00,,,,,
,【ヰ世界情緒】Baseball Shirt – Team ISEKAIJYOUCHO／KAMITSUBAKI WARS 2025 神椿後楽園戦線 KAMITSUBAKI XPERIENCE,ise-300-0224,2026-08-30T04:58:56.602357+00:00,2026-08-30T04:58:59.443661+00:00,,,,,
,【ヰ世界情緒】ゆらゆらアクリルブロックキーホルダー／THINKR XR CLASSICS presents KAMITSUBAKI FILM CONCERT「神椿演奏会／想像」第二弾,ise-300-0226,2026-08-30T04:58:56.602357+00:00,2026-08-30T04:58:59.443661+00:00,,,,,
,【ヰ世界情緒】BIGアクリルスタンド ヰ世界情緒／コミックマーケット106出展記念グッズ,ise-300-0228,2026-08-30T04:58:56.602357+00:00,2026-08-30T04:58:59.443661+00:00,,,,,
,【ヰ世界情緒】アクリルキーホルダー ヰ世界情緒／コミックマーケット106出展記念グッズ,ise-300-0229,2026-08-30T04:58:56.602357+00:00,2026-08-30T04:58:59.443661+00:00,,,,,
,【ヰ世界情緒】フーディー ヰ世界情緒／KAMITSUBAKI FES ’25 OUR ONE-DAY WAR,ise-300-0230,2026-08-30T04:58:56.602357+00:00,2026-08-30T04:58:59.443661+00:00,,,,,
,【ヰ世界情緒】アクリルスタンド ヰ世界情緒／KAMITSUBAKI FES ’25 OUR ONE-DAY WAR,ise-300-0233,2026-08-30T04:58:56.602357+00:00,2026-08-30T04:58:59.443661+00:00,,,,,
,【ヰ世界情緒】セットC106 ヰ世界情緒／コミックマーケット106出展記念グッズ,ise-300-0234,2026-08-30T04:58:56.602357+00:00,2026-08-30T04:58:59.443661+00:00,,,,,
,【ヰ世界情緒】アーティストネームアクリルブロック ヰ世界情緒／KAMITSUBAKI FES ’25 OUR ONE-DAY WAR 第二弾,ise-300-0235,2026-08-30T04:58:56.602357+00:00,2026-08-30T04:58:59.443661+00:00,,,,,
,【ヰ世界情緒】サンフラワー衣装バングル／STREAMING COVER LIVE「キャンディライブ3」GOODS＆CD,ise-300-0236,2026-08-30T04:58:56.602357+00:00,2026-08-30T04:58:59.443661+00:00,,,,,
,【ヰ世界情緒】ミラーコートアクリル額装アート／STREAMING COVER LIVE「キャンディライブ3」GOODS＆CD,ise-300-0237,2026-08-30T04:58:56.602357+00:00,2026-08-30T04:58:59.443661+00:00,,,,,
,【ヰ世界情緒】グリッターアクリルブロック／STREAMING COVER LIVE「キャンディライブ3」GOODS＆CD,ise-300-0238,2026-08-30T04:58:56.602357+00:00,2026-08-30T04:58:59.443661+00:00,,,,,
,【ヰ世界情緒】ミニクッション4／STREAMING COVER LIVE「キャンディライブ3」GOODS＆CD,ise-300-0239,2026-08-30T04:58:56.602357+00:00,2026-08-30T04:58:59.443661+00:00,,,,,
,【ヰ世界情緒】キャンディ風キーホルダー／STREAMING COVER LIVE「キャンディライブ3」GOODS＆CD,ise-300-0240,2026-08-30T04:58:56.602357+00:00,2026-08-30T04:58:59.443661+00:00,,,,,
,【ヰ世界情緒】オリジナル金平糖／STREAMING COVER LIVE「キャンディライブ3」GOODS＆CD,ise-300-0241,2026-08-30T04:58:56.602357+00:00,2026-08-30T04:58:59.443661+00:00,,,,,
,【ヰ世界情緒】KVタペストリー／STREAMING COVER LIVE「キャンディライブ3」GOODS＆CD,ise-300-0242,2026-08-30T04:58:56.602357+00:00,2026-08-30T04:58:59.443661+00:00,,,,,
,【ヰ世界情緒】「Virtual Ties 〜ヰ世界情緒夢想曲〜」（完全生産限定版・switch）／Virtual Ties 〜ヰ世界情緒夢想曲〜,ise-300-0244,2026-08-30T04:58:56.602357+00:00,2026-08-30T04:58:59.443661+00:00,,,,,
,【ヰ世界情緒】「Virtual Ties 〜ヰ世界情緒夢想曲〜」（完全生産限定版・steam）／Virtual Ties 〜ヰ世界情緒夢想曲〜,ise-300-0245,2026-08-30T04:58:56.602357+00:00,2026-08-30T04:58:59.443661+00:00,,,,,
,【ヰ世界情緒】「Virtual Ties 〜ヰ世界情緒夢想曲〜」（FMS限定版・switch）／Virtual Ties 〜ヰ世界情緒夢想曲〜,ise-300-0246,2026-08-30T04:58:56.602357+00:00,2026-08-30T04:58:59.443661+00:00,,,,,
,【ヰ世界情緒】「Virtual Ties 〜ヰ世界情緒夢想曲〜」（FMS限定版・steam）／Virtual Ties 〜ヰ世界情緒夢想曲〜,ise-300-0247,2026-08-30T04:58:56.602357+00:00,2026-08-30T04:58:59.443661+00:00,,,,,
,【ヰ世界情緒】アクリルスタンド／THINKR XR CLASSICS presents KAMITSUBAKI FILM CONCERT「神椿演奏会／想像」2026 WINTER,ise-300-0248,2026-08-30T04:58:56.602357+00:00,2026-08-30T04:58:59.443661+00:00,,,,,
,【ヰ世界情緒】2連ワイヤーアクリルキーホルダー／THINKR XR CLASSICS presents KAMITSUBAKI FILM CONCERT「神椿演奏会／想像」2026 WINTER,ise-300-0249,2026-08-30T04:58:56.602357+00:00,2026-08-30T04:58:59.443661+00:00,,,,,
,【ヰ世界情緒】FMS限定 B2タペストリー／THINKR XR CLASSICS presents KAMITSUBAKI FILM CONCERT「神椿演奏会／想像」2026 WINTER,ise-300-0250,2026-08-30T04:58:56.602357+00:00,2026-08-30T04:58:59.443661+00:00,,,,,
,【ヰ世界情緒】オリジナルジャガードマフラー／ヰ世界情緒 6th Anniversary OFFICIAL GOODS,ise-300-0251,2026-08-30T04:58:56.602357+00:00,2026-08-30T04:58:59.443661+00:00,,,,,
,【ヰ世界情緒】イヤーマフ／ヰ世界情緒 6th Anniversary OFFICIAL GOODS,ise-300-0252,2026-08-30T04:58:56.602357+00:00,2026-08-30T04:58:59.443661+00:00,,,,,
,【ヰ世界情緒】マフラーイヤーマフセット／ヰ世界情緒 6th Anniversary OFFICIAL GOODS,ise-300-0253,2026-08-30T04:58:56.602357+00:00,2026-08-30T04:58:59.443661+00:00,,,,,
,【ヰ世界情緒】6th ANNIVERSARY ART（シリアルナンバー入り）／ヰ世界情緒 6th Anniversary OFFICIAL GOODS,ise-300-0254,2026-08-30T04:58:56.602357+00:00,2026-08-30T04:58:59.443661+00:00,,,,,
,【ヰ世界情緒】ロゼット缶バッジセット／ヰ世界情緒 6th Anniversary OFFICIAL GOODS,ise-300-0255,2026-08-30T04:58:56.602357+00:00,2026-08-30T04:58:59.443661+00:00,,,,,
,【ヰ世界情緒】ジグソーパズル／ヰ世界情緒 6th Anniversary OFFICIAL GOODS,ise-300-0256,2026-08-30T04:58:56.602357+00:00,2026-08-30T04:58:59.443661+00:00,,,,,
,【ヰ世界情緒】卓上カレンダー／ヰ世界情緒 6th Anniversary OFFICIAL GOODS,ise-300-0257,2026-08-30T04:58:56.602357+00:00,2026-08-30T04:58:59.443661+00:00,,,,,
,【ヰ世界情緒】アクリルマグネットセット／ヰ世界情緒 6th Anniversary OFFICIAL GOODS,ise-300-0258,2026-08-30T04:58:56.602357+00:00,2026-08-30T04:58:59.443661+00:00,,,,,
,【ヰ世界情緒】ミニキャラマスコットキーホルダー／THINKR XR CLASSICS presents KAMITSUBAKI FILM CONCERT「神椿演奏会／想像」2026 WINTER 第二弾,ise-300-0261,2026-08-30T04:58:56.602357+00:00,2026-08-30T04:58:59.443661+00:00,,,,,
,【ヰ世界情緒】リバーシブルタオル／2DAYS LIVE DAY1「Flower Closet」 DAY2「Anima Re:birth」OFFICIAL GOODS,ise-300-0263,2026-08-30T04:58:56.602357+00:00,2026-08-30T04:58:59.443661+00:00,,,,,
,【ヰ世界情緒】「Flower Closet」グラフィックKV Tシャツ／2DAYS LIVE DAY1「Flower Closet」 DAY2「Anima Re:birth」OFFICIAL GOODS,ise-300-0264,2026-08-30T04:58:56.602357+00:00,2026-08-30T04:58:59.443661+00:00,,,,,
,【ヰ世界情緒】モチーフ刺繍シャツ／2DAYS LIVE DAY1「Flower Closet」 DAY2「Anima Re:birth」OFFICIAL GOODS,ise-300-0267,2026-08-30T04:58:56.602357+00:00,2026-08-30T04:58:59.443661+00:00,,,,,
,【ヰ世界情緒】ランダム衣装メタルチャーム／2DAYS LIVE DAY1「Flower Closet」 DAY2「Anima Re:birth」OFFICIAL GOODS,ise-300-0270,2026-08-30T04:58:56.602357+00:00,2026-08-30T04:58:59.443661+00:00,,,,,
,【ヰ世界情緒】FMS限定 衣装メタルチャーム コンプリートセット ＊一会計につき一セットまで／2DAYS LIVE DAY1「Flower Closet」 DAY2「Anima Re:birth」OFFICIAL GOODS,ise-300-0271,2026-08-30T04:58:56.602357+00:00,2026-08-30T04:58:59.443661+00:00,,,,,
,【ヰ世界情緒】FMS限定 キャリーケース＆ラゲッジタグ／2DAYS LIVE DAY1「Flower Closet」 DAY2「Anima Re:birth」OFFICIAL GOODS,ise-300-0272,2026-08-30T04:58:56.602357+00:00,2026-08-30T04:58:59.443661+00:00,,,,,
,【ヰ世界情緒】ミラーキーホルダー／2DAYS LIVE DAY1「Flower Closet」 DAY2「Anima Re:birth」OFFICIAL GOODS,ise-300-0273,2026-08-30T04:58:56.602357+00:00,2026-08-30T04:58:59.443661+00:00,,,,,
,【ヰ世界情緒】MARGARET PARA SOL／2DAYS LIVE DAY1「Flower Closet」 DAY2「Anima Re:birth」OFFICIAL GOODS,ise-300-0274,2026-08-30T04:58:56.602357+00:00,2026-08-30T04:58:59.443661+00:00,,,,,
,【ヰ世界情緒】MARGARET LUNA LIGHT／2DAYS LIVE DAY1「Flower Closet」 DAY2「Anima Re:birth」OFFICIAL GOODS,ise-300-0275,2026-08-30T04:58:56.602357+00:00,2026-08-30T04:58:59.443661+00:00,,,,,
,【ヰ世界情緒】リバーシブルアクリルアートパネル／2DAYS LIVE DAY1「Flower Closet」 DAY2「Anima Re:birth」OFFICIAL GOODS,ise-300-0277,2026-08-30T04:58:56.602357+00:00,2026-08-30T04:58:59.443661+00:00,,,,,
,【ヰ世界情緒】アクリルスタンド「Flower Closet」ver.／2DAYS LIVE DAY1「Flower Closet」 DAY2「Anima Re:birth」OFFICIAL GOODS,ise-300-0278,2026-08-30T04:58:56.602357+00:00,2026-08-30T04:58:59.443661+00:00,,,,,
,【ヰ世界情緒】Gaming KEYBOARD／Virtual Ties 〜ヰ世界情緒夢想曲〜 OFFICIAL GOODS,ise-300-0280,2026-08-30T04:58:56.602357+00:00,2026-08-30T04:58:59.443661+00:00,,,,,
,【ヰ世界情緒】「Virtual Ties〜ヰ世界情緒夢想曲〜」Gaming CHAIR／Virtual Ties 〜ヰ世界情緒夢想曲〜 OFFICIAL GOODS,ise-300-0281,2026-08-30T04:58:56.602357+00:00,2026-08-30T04:58:59.443661+00:00,,,,,
,【ヰ世界情緒】「Virtual Ties〜ヰ世界情緒夢想曲〜」デスクマット／Virtual Ties 〜ヰ世界情緒夢想曲〜 OFFICIAL GOODS,ise-300-0282,2026-08-30T04:58:56.602357+00:00,2026-08-30T04:58:59.443661+00:00,,,,,
,【ヰ世界情緒】アクリルスタンド Virtual Ties ver.／Virtual Ties 〜ヰ世界情緒夢想曲〜 OFFICIAL GOODS,ise-300-0283,2026-08-30T04:58:56.602357+00:00,2026-08-30T04:58:59.443661+00:00,,,,,
,【ヰ世界情緒】アートキャンバス Virtual Ties ver.／Virtual Ties 〜ヰ世界情緒夢想曲〜 OFFICIAL GOODS,ise-300-0284,2026-08-30T04:58:56.602357+00:00,2026-08-30T04:58:59.443661+00:00,,,,,
,【ヰ世界情緒】「Virtual Ties〜ヰ世界情緒夢想曲〜」練習着パーカー／Virtual Ties 〜ヰ世界情緒夢想曲〜 OFFICIAL GOODS,ise-300-0285,2026-08-30T04:58:56.602357+00:00,2026-08-30T04:58:59.443661+00:00,,,,,
,【ヰ世界情緒】ステッカーセット／Virtual Ties 〜ヰ世界情緒夢想曲〜 OFFICIAL GOODS,ise-300-0286,2026-08-30T04:58:56.602357+00:00,2026-08-30T04:58:59.443661+00:00,,,,,
,【ヰ世界情緒】ベレー帽＆ピンバッジセット／2DAYS LIVE DAY1「Flower Closet」DAY2「Anima Re:birth」OFFICIAL LIVE GOODS 第2弾,ise-300-0312,2026-08-30T04:58:56.602357+00:00,2026-08-30T04:58:59.443661+00:00,,,,,
,【ヰ世界情緒】ミニぬいセット A／2DAYS LIVE DAY1「Flower Closet」DAY2「Anima Re:birth」OFFICIAL LIVE GOODS 第2弾,ise-300-0313,2026-08-30T04:58:56.602357+00:00,2026-08-30T04:58:59.443661+00:00,,,,,
,【ヰ世界情緒】ミニぬいセット B／2DAYS LIVE DAY1「Flower Closet」DAY2「Anima Re:birth」OFFICIAL LIVE GOODS 第2弾,ise-300-0314,2026-08-30T04:58:56.602357+00:00,2026-08-30T04:58:59.443661+00:00,,,,,
,【ヰ世界情緒】ISEKAIJOUCHO COSTUME BOOK／2DAYS LIVE DAY1「Flower Closet」DAY2「Anima Re:birth」OFFICIAL LIVE GOODS 第2弾,ise-300-0315,2026-08-30T04:58:56.602357+00:00,2026-08-30T04:58:59.443661+00:00,,,,,
,【ヰ世界情緒】サーモペットボトルクーラー／SINKA LIVE SERIES EP.Ⅰ ヰ世界情緒 2nd ONE-MAN LIVE「Anima Ⅱ」Blu-ray & 3rd ONE-MAN LIVE「Anima Ⅲ」第二弾,ise-300-154,2026-08-30T04:58:56.602357+00:00,2026-08-30T04:58:59.443661+00:00,,,,,
,【ヰ世界情緒】SINKA LIVE SERIES EP.Ⅰ「Anima Ⅱ -神椿市参番街-」デジタルライブパンフレット／SINKA LIVE SERIES EP.Ⅰヰ世界情緒,ise-300-88,2026-08-30T04:58:56.602357+00:00,2026-08-30T04:58:59.443661+00:00,,,,,
,【ヰ世界情緒】1st LIVE Blu-ray「Anima」,isekaijoucho220513,2026-08-30T04:58:56.602357+00:00,2026-08-30T04:58:59.443661+00:00,,,,,
,【V.W.P】イラストペンライト V.W.P／KAMITSUBAKI FES 2023,kaf-300-0249,2026-08-30T04:58:56.602357+00:00,2026-08-30T04:58:59.443661+00:00,,,,,
,【V.W.P】KAMITSUBAKI FES アクリルスタンド V.W.P／KAMITSUBAKI FES 2023,kaf-300-0250,2026-08-30T04:58:56.602357+00:00,2026-08-30T04:58:59.443661+00:00,,,,,
,KAMITSUBAKI x Monark Collaboration Album「Awake」,kamitsubaki220107,2026-08-30T04:58:56.602357+00:00,2026-08-30T04:58:59.443661+00:00,,,,,
,【V.W.P】1st ONE-MAN LIVE「魔女集会&現象」Blu-ray／1st ONE-MAN LIVE「魔女集会&現象」,ktr-000-0107,2026-08-30T04:58:56.602357+00:00,2026-08-30T04:58:59.443661+00:00,,,,,
,【ヰ世界情緒】「色彩」α／2nd Album「色彩」& 4th Anniversary & ヰ世界電子通信部 OFFICIAL GOODS,ktr-000-0127,2026-08-30T04:58:56.602357+00:00,2026-08-30T04:58:59.443661+00:00,,,,,
,【ヰ世界情緒】「色彩」β／2nd Album「色彩」& 4th Anniversary & ヰ世界電子通信部 OFFICIAL GOODS,ktr-000-0128,2026-08-30T04:58:56.602357+00:00,2026-08-30T04:58:59.443661+00:00,,,,,
,【ヰ世界情緒】「CANDY LIVE 3」／STREAMING COVER LIVE「キャンディライブ3」GOODS＆CD,ktr-000-0217,2026-08-30T04:58:56.602357+00:00,2026-08-30T04:58:59.443661+00:00,,,,,
,【ヰ世界情緒】「Anima Ⅱ -神椿市参番街-」Blu-ray／SINKA LIVE SERIES EP.Ⅰ ヰ世界情緒 2nd ONE-MAN LIVE「Anima Ⅱ」Blu-ray & 3rd ONE-MAN LIVE「Anima Ⅲ」第二弾,ktr-100-0168,2026-08-30T04:58:56.602357+00:00,2026-08-30T04:58:59.443661+00:00,,,,,
,【ヰ世界情緒】「Anima III」Blu-ray／Virtual mini live「Collection Bouquet」& 5th Anniversary & 3rd ONE-MAN LIVE「Anima Ⅲ」Blu-ray,ktr-100-0175,2026-08-30T04:58:56.602357+00:00,2026-08-30T04:58:59.443661+00:00,,,,,
,【春猿火×ヰ世界情緒】「神椿報奏部 Pleasure Box」／神椿報奏部 Pleasure Box & OFFICIAL GOODS,ktr-100-0199,2026-08-30T04:58:56.602357+00:00,2026-08-30T04:58:59.443661+00:00,,,,,
,【春猿火×ヰ世界情緒】「Singularity Live Vol.4」Blu-ray／TWO-MAN LIVE「Singularity Live Vol.4」OFFICIAL GOODS 第二弾＆ Blu-ray,ktr-100-0224,2026-08-30T04:58:56.602357+00:00,2026-08-30T04:58:59.443661+00:00,,,,,
,【ヰ世界情緒】2DAYS LIVE Blu-ray（Special Box盤 初回生産限定）／ヰ世界情緒 2DAYS LIVE Blu-ray ＆ 復刻おすわりぬいぐるみ,ktr-100-0246,2026-08-30T04:58:56.602357+00:00,2026-08-30T04:58:59.443661+00:00,,,,,
,【ヰ世界情緒】2DAYS LIVE Blu-ray（通常盤）／ヰ世界情緒 2DAYS LIVE Blu-ray ＆ 復刻おすわりぬいぐるみ,ktr-100-0247,2026-08-30T04:58:56.602357+00:00,2026-08-30T04:58:59.443661+00:00,,,,,
,【春猿火×ヰ世界情緒】H&I Track Jacket by HARUI（特典ポストカード付き）／KAMITSUBAKI RADIO CLUB VIRTUAL MINI LIVE,kts-300-0322,2026-08-30T04:58:56.602357+00:00,2026-08-30T04:58:59.443661+00:00,,,,,
,【春猿火×ヰ世界情緒】H&I Engagement Ring by HARUI（メッセージカード入り）／KAMITSUBAKI RADIO CLUB VIRTUAL MINI LIVE,kts-300-0324,2026-08-30T04:58:56.602357+00:00,2026-08-30T04:58:59.443661+00:00,,,,,
,【春猿火×ヰ世界情緒】「CALL」額装アート／KAMITSUBAKI RADIO CLUB VIRTUAL MINI LIVE,kts-300-0325,2026-08-30T04:58:56.602357+00:00,2026-08-30T04:58:59.443661+00:00,,,,,
,【春猿火×ヰ世界情緒】神椿報奏部スタジオ アクリルジオラマ／KAMITSUBAKI RADIO CLUB VIRTUAL MINI LIVE,kts-300-0326,2026-08-30T04:58:56.602357+00:00,2026-08-30T04:58:59.443661+00:00,,,,,
,【春猿火×ヰ世界情緒】KVタペストリー／KAMITSUBAKI RADIO CLUB VIRTUAL MINI LIVE,kts-300-0327,2026-08-30T04:58:56.602357+00:00,2026-08-30T04:58:59.443661+00:00,,,,,
,【春猿火×ヰ世界情緒】神椿報奏部キーホルダーセット／KAMITSUBAKI RADIO CLUB VIRTUAL MINI LIVE,kts-300-0328,2026-08-30T04:58:56.602357+00:00,2026-08-30T04:58:59.443661+00:00,,,,,
,【春猿火×ヰ世界情緒】ランダムスクエア缶バッジ（全12種）／KAMITSUBAKI RADIO CLUB VIRTUAL MINI LIVE,kts-300-0329,2026-08-30T04:58:56.602357+00:00,2026-08-30T04:58:59.443661+00:00,,,,,
,【春猿火×ヰ世界情緒】アクリルジオラマ／神椿報奏部 Pleasure Box & OFFICIAL GOODS,kts-300-0431,2026-08-30T04:58:56.602357+00:00,2026-08-30T04:58:59.443661+00:00,,,,,
,【春猿火×ヰ世界情緒】台本風ステーショナリーセット／神椿報奏部 Pleasure Box & OFFICIAL GOODS,kts-300-0432,2026-08-30T04:58:56.602357+00:00,2026-08-30T04:58:59.443661+00:00,,,,,
,【春猿火×ヰ世界情緒】プリクラ風ステッカーA／神椿報奏部 Pleasure Box & OFFICIAL GOODS,kts-300-0433,2026-08-30T04:58:56.602357+00:00,2026-08-30T04:58:59.443661+00:00,,,,,
,【春猿火×ヰ世界情緒】プリクラ風ステッカーB／神椿報奏部 Pleasure Box & OFFICIAL GOODS,kts-300-0434,2026-08-30T04:58:56.602357+00:00,2026-08-30T04:58:59.443661+00:00,,,,,
,【春猿火×ヰ世界情緒】Tシャツ ヰ世界情緒 ver.／Singularity Live Vol.4,kts-300-0483,2026-08-30T04:58:56.602357+00:00,2026-08-30T04:58:59.443661+00:00,,,,,
,【春猿火×ヰ世界情緒】ヰ世界情緒ミニライブキット／Singularity Live Vol.4,kts-300-0487,2026-08-30T04:58:56.602357+00:00,2026-08-30T04:58:59.443661+00:00,,,,,
,【春猿火×ヰ世界情緒】マフラータオル ヰ世界情緒 ver.／Singularity Live Vol.4,kts-300-0489,2026-08-30T04:58:56.602357+00:00,2026-08-30T04:58:59.443661+00:00,,,,,
,【春猿火×ヰ世界情緒】ペアバングルセット／Singularity Live Vol.4,kts-300-0490,2026-08-30T04:58:56.602357+00:00,2026-08-30T04:58:59.443661+00:00,,,,,
,【春猿火×ヰ世界情緒】ZIPフーディー／Singularity Live Vol.4,kts-300-0491,2026-08-30T04:58:56.602357+00:00,2026-08-30T04:58:59.443661+00:00,,,,,
,【春猿火×ヰ世界情緒】H&I スタジアムジャケット／Singularity Live Vol.4,kts-300-0494,2026-08-30T04:58:56.602357+00:00,2026-08-30T04:58:59.443661+00:00,,,,,
,【春猿火×ヰ世界情緒】アイコンタンブラー／Singularity Live Vol.4,kts-300-0497,2026-08-30T04:58:56.602357+00:00,2026-08-30T04:58:59.443661+00:00,,,,,
,【春猿火×ヰ世界情緒】キービジュアルタペストリー／Singularity Live Vol.4,kts-300-0498,2026-08-30T04:58:56.602357+00:00,2026-08-30T04:58:59.443661+00:00,,,,,
,【春猿火×ヰ世界情緒】3層アクリルアートパネル／Singularity Live Vol.4,kts-300-0499,2026-08-30T04:58:56.602357+00:00,2026-08-30T04:58:59.443661+00:00,,,,,
,【春猿火×ヰ世界情緒】刺繍キャップ／Singularity Live Vol.4,kts-300-0500,2026-08-30T04:58:56.602357+00:00,2026-08-30T04:58:59.443661+00:00,,,,,
,【春猿火×ヰ世界情緒】ランダムミニ色紙／Singularity Live Vol.4,kts-300-0501,2026-08-30T04:58:56.602357+00:00,2026-08-30T04:58:59.443661+00:00,,,,,
,【春猿火×ヰ世界情緒】ミニクッションキーホルダー ヰ世界情緒／TWO-MAN LIVE「Singularity Live Vol.4」OFFICIAL GOODS 第二弾＆ Blu-ray,kts-300-0558,2026-08-30T04:58:56.602357+00:00,2026-08-30T04:58:59.443661+00:00,,,,,
,【春猿火×ヰ世界情緒】ホログラム額装アート／TWO-MAN LIVE「Singularity Live Vol.4」OFFICIAL GOODS 第二弾＆ Blu-ray,kts-300-0559,2026-08-30T04:58:56.602357+00:00,2026-08-30T04:58:59.443661+00:00,,,,,
,【春猿火×ヰ世界情緒】オルゴール（CALL）／TWO-MAN LIVE「Singularity Live Vol.4」OFFICIAL GOODS 第二弾＆ Blu-ray,kts-300-0561,2026-08-30T04:58:56.602357+00:00,2026-08-30T04:58:59.443661+00:00,,,,,
,【春猿火×ヰ世界情緒】ビーズチャーム Produced by ヰ世界情緒／TWO-MAN LIVE「Singularity Live Vol.4」OFFICIAL GOODS 第二弾＆ Blu-ray,kts-300-0589,2026-08-30T04:58:56.602357+00:00,2026-08-30T04:58:59.443661+00:00,,,,,
,【KAMITSUBAKI STUDIO】FMS限定 FES応援セット ヰ世界情緒 ver.／KAMITSUBAKI FES '26 FIELD OF RESONANCE OFFICIAL GOODS,kts-300-0689,2026-08-30T04:58:56.602357+00:00,2026-08-30T04:58:59.443661+00:00,,,,,
,【理芽×ヰ世界情緒】TWO-MAN LIVE Blu-ray「Singularity Live」,rim_isekaijyocho_bd_singularity,2026-08-30T04:58:56.602357+00:00,2026-08-30T04:58:59.443661+00:00,,,,,
,【V.W.P】V.W.P FANTASY ぬいぐるみ／KAMITSUBAKI FES 2023,vwp-300-0084,2026-08-30T04:58:56.602357+00:00,2026-08-30T04:58:59.443661+00:00,,,,,
,【ヰ世界情緒】1st Album「創生α」,ヰ世界情緒-1st-album-創生α,2026-08-30T04:58:56.602357+00:00,2026-08-30T04:58:59.443661+00:00,,,,,
,【ヰ世界情緒】1st Album「創生β」,ヰ世界情緒-1st-album-創生β,2026-08-30T04:58:56.602357+00:00,2026-08-30T04:58:59.443661+00:00,,,,,
,【ヰ世界情緒】「Anima」ポスター／1st ONE-MAN LIVE「Anima」,ヰ世界情緒-anima-ポスター-1st-one-man-live-anima,2026-08-30T04:58:56.602357+00:00,2026-08-30T04:58:59.443661+00:00,,,,,
,【ヰ世界情緒】「Anima」ライブパンフレット／1st ONE-MAN LIVE「Anima」,ヰ世界情緒-anima-ライブパンフレット-1st-one-man-live-anima,2026-08-30T04:58:56.602357+00:00,2026-08-30T04:58:59.443661+00:00,,,,,
,【ヰ世界情緒】「isekaijoucho&amp;ANEMOS」エコバッグ／1st ONE-MAN LIVE「Anima」,ヰ世界情緒-isekaijoucho-anemos-エコバッグ-1st-one-man-live-anima,2026-08-30T04:58:56.602357+00:00,2026-08-30T04:58:59.443661+00:00,,,,,
,【ヰ世界情緒】SNS風キーホルダー／キャンディライブ2,ヰ世界情緒-sns風キーホルダー,2026-08-30T04:58:56.602357+00:00,2026-08-30T04:58:59.443661+00:00,,,,,
,【ヰ世界情緒】somunia×ヰ世界情緒Tシャツ／WHITE／「COTD展」,ヰ世界情緒-somunia-ヰ世界情緒tシャツ-white-cotd展,2026-08-30T04:58:56.602357+00:00,2026-08-30T04:58:59.443661+00:00,,,,,
,【ヰ世界情緒】アクリルアートパネル／Singularity Live,ヰ世界情緒-アクリルアートパネル-singularity-live,2026-08-30T04:58:56.602357+00:00,2026-08-30T04:58:59.443661+00:00,,,,,
,【ヰ世界情緒】アクリルアートパネル2／キャンディライブ2,ヰ世界情緒-アクリルアートパネル2-キャンディライブ2,2026-08-30T04:58:56.602357+00:00,2026-08-30T04:58:59.443661+00:00,,,,,
,【ヰ世界情緒】アクリルジオラマスタンド／ヰ世界情緒 3rd Anniversary OFFICIAL GOODS,ヰ世界情緒-アクリルジオラマスタンド-ヰ世界情緒-3rd-anniversary-official-goods,2026-08-30T04:58:56.602357+00:00,2026-08-30T04:58:59.443661+00:00,,,,,
,【ヰ世界情緒】アクリルスタンド ネモフィラver.／ヰ世界情緒展,ヰ世界情緒-アクリルスタンド-ネモフィラ-ver-ヰ世界情緒展,2026-08-30T04:58:56.602357+00:00,2026-08-30T04:58:59.443661+00:00,,,,,
,【ヰ世界情緒】アニバーサリーネックレス／ヰ世界情緒 3rd Anniversary OFFICIAL GOODS,ヰ世界情緒-アニバーサリーネックレス-ヰ世界情緒-3rd-anniversary-official-goods,2026-08-30T04:58:56.602357+00:00,2026-08-30T04:58:59.443661+00:00,,,,,
,【ヰ世界情緒】アートパネル／ヰ世界情緒展,ヰ世界情緒-アートパネル-ヰ世界情緒展,2026-08-30T04:58:56.602357+00:00,2026-08-30T04:58:59.443661+00:00,,,,,
,【ヰ世界情緒】アートパネル／神椿展,ヰ世界情緒-アートパネル-神椿展,2026-08-30T04:58:56.602357+00:00,2026-08-30T04:58:59.443661+00:00,,,,,
,【ヰ世界情緒】イラストクリアファイルセット／Singularity Live,ヰ世界情緒-イラストクリアファイルセット-singularity-live,2026-08-30T04:58:56.602357+00:00,2026-08-30T04:58:59.443661+00:00,,,,,
,【ヰ世界情緒】イラストトートバッグ／「キャンディライブ」,ヰ世界情緒-イラストトートバッグ-キャンディライブ,2026-08-30T04:58:56.602357+00:00,2026-08-30T04:58:59.443661+00:00,,,,,
,【ヰ世界情緒】オリジナルオードトワレ／ヰ世界情緒 3rd Anniversary OFFICIAL GOODS,ヰ世界情緒-オリジナルオードトワレ-ヰ世界情緒-3rd-anniversary-official-goods,2026-08-30T04:58:56.602357+00:00,2026-08-30T04:58:59.443661+00:00,,,,,
,【ヰ世界情緒】クリエイター作品集「軌跡」／ヰ世界情緒展,ヰ世界情緒-クリエイター作品集-ヰ世界情緒展,2026-08-30T04:58:56.602357+00:00,2026-08-30T04:58:59.443661+00:00,,,,,
,【ヰ世界情緒】グラフィックパーカー／ヰ世界情緒展,ヰ世界情緒-グラフィックパーカー-ヰ世界情緒展,2026-08-30T04:58:56.602357+00:00,2026-08-30T04:58:59.443661+00:00,,,,,
,【ヰ世界情緒】ゴミダスフレークシール／ヰ世界情緒展,ヰ世界情緒-ゴミダスフレークシール-ヰ世界情緒展,2026-08-30T04:58:56.602357+00:00,2026-08-30T04:58:59.443661+00:00,,,,,
,【ヰ世界情緒】サーモタンブラー／Singularity Live,ヰ世界情緒-サーモタンブラー-singularity-live,2026-08-30T04:58:56.602357+00:00,2026-08-30T04:58:59.443661+00:00,,,,,
,【ヰ世界情緒】ジクレーアート ヰ世界情緒ver.／ヰ世界情緒展,ヰ世界情緒-ジクレーアート-ヰ世界情緒-ver-ヰ世界情緒展,2026-08-30T04:58:56.602357+00:00,2026-08-30T04:58:59.443661+00:00,,,,,
,【ヰ世界情緒】ジクレーアート れおえんver.／ヰ世界情緒展,ヰ世界情緒-ジクレーアート-ヰ世界情緒展,2026-08-30T04:58:56.602357+00:00,2026-08-30T04:58:59.443661+00:00,,,,,
,【ヰ世界情緒】ステッカーセット2／1st ONE-MAN LIVE「Anima」,ヰ世界情緒-ステッカーセット2-1st-one-man-live-anima,2026-08-30T04:58:56.602357+00:00,2026-08-30T04:58:59.443661+00:00,,,,,
,【ヰ世界情緒】ダイカットキーケース／ヰ世界情緒 3rd Anniversary OFFICIAL GOODS,ヰ世界情緒-ダイカットキーケース-ヰ世界情緒-3rd-anniversary-official-goods,2026-08-30T04:58:56.602357+00:00,2026-08-30T04:58:59.443661+00:00,,,,,
,【ヰ世界情緒】バックパック／Singularity Live,ヰ世界情緒-バックパック-singularity-live,2026-08-30T04:58:56.602357+00:00,2026-08-30T04:58:59.443661+00:00,,,,,
,【ヰ世界情緒】ビジュアルクリアケース／ヰ世界情緒展,ヰ世界情緒-ビジュアルクリアケース-ヰ世界情緒展,2026-08-30T04:58:56.602357+00:00,2026-08-30T04:58:59.443661+00:00,,,,,
,【ヰ世界情緒】ポストカードセット／ヰ世界情緒展,ヰ世界情緒-ポストカードセット-ヰ世界情緒展,2026-08-30T04:58:56.602357+00:00,2026-08-30T04:58:59.443661+00:00,,,,,
,【ヰ世界情緒】ミニクッション／「魔女展」,ヰ世界情緒-ミニクッション-魔女展-1,2026-08-30T04:58:56.602357+00:00,2026-08-30T04:58:59.443661+00:00,,,,,
,【ヰ世界情緒】ミニクッション2／1st ONE-MAN LIVE「Anima」,ヰ世界情緒-ミニクッション2-1st-one-man-live-anima,2026-08-30T04:58:56.602357+00:00,2026-08-30T04:58:59.443661+00:00,,,,,
,【ヰ世界情緒】ミニクッション3／ヰ世界情緒展,ヰ世界情緒-ミニクッション3-ヰ世界情緒展,2026-08-30T04:58:56.602357+00:00,2026-08-30T04:58:59.443661+00:00,,,,,
,【ヰ世界情緒】ランダムミニアクリルキーホルダー／コミックマーケット101出展記念,ヰ世界情緒-ランダムミニアクリルキーホルダー-コミックマーケット101出展記念,2026-08-30T04:58:56.602357+00:00,2026-08-30T04:58:59.443661+00:00,,,,,
,【ヰ世界情緒】ランダム缶バッジ／1st ONE-MAN LIVE「Anima」,ヰ世界情緒-ランダム缶バッジ-1st-one-man-live-anima,2026-08-30T04:58:56.602357+00:00,2026-08-30T04:58:59.443661+00:00,,,,,
,【ヰ世界情緒】ランダム缶バッジ2／ヰ世界情緒展,ヰ世界情緒-ランダム缶バッジ2-ヰ世界情緒展,2026-08-30T04:58:56.602357+00:00,2026-08-30T04:58:59.443661+00:00,,,,,
,【ヰ世界情緒】リングショルダーバッグ／ヰ世界情緒展,ヰ世界情緒-リングショルダーバッグ-ヰ世界情緒展,2026-08-30T04:58:56.602357+00:00,2026-08-30T04:58:59.443661+00:00,,,,,
,【ヰ世界情緒】リール付きパスケース／Singularity Live,ヰ世界情緒-リール付きパスケース-singularity-live,2026-08-30T04:58:56.602357+00:00,2026-08-30T04:58:59.443661+00:00,,,,,
,【ヰ世界情緒】ヰ世界情緒作品集「息吹」／ヰ世界情緒展,ヰ世界情緒-ヰ世界情緒作品集-ヰ世界情緒展,2026-08-30T04:58:56.602357+00:00,2026-08-30T04:58:59.443661+00:00,,,,,
,【ヰ世界情緒】ヰ世界情緒作品集「息吹 - connecting world - 」／コミックマーケット101出展記念,ヰ世界情緒-ヰ世界情緒作品集-息吹-connecting-world-コミックマーケット101出展記念,2026-08-30T04:58:56.602357+00:00,2026-08-30T04:58:59.443661+00:00,,,,,
,【ヰ世界情緒】ヰ世界情緒展タペストリー／ヰ世界情緒展,ヰ世界情緒-ヰ世界情緒展タペストリー-ヰ世界情緒展,2026-08-30T04:58:56.602357+00:00,2026-08-30T04:58:59.443661+00:00,,,,,
,【ヰ世界情緒】刺繍Tシャツ／ブラック／Singularity Live,ヰ世界情緒-刺繍tシャツ-ブラック-singularity-live,2026-08-30T04:58:56.602357+00:00,2026-08-30T04:58:59.443661+00:00,,,,,
,【ヰ世界情緒】刺繍Tシャツ／ホワイト／Singularity Live,ヰ世界情緒-刺繍tシャツ-ホワイト-singularity-live,2026-08-30T04:58:56.602357+00:00,2026-08-30T04:58:59.443661+00:00,,,,,
,【ヰ世界情緒】刺繍キャップ／Singularity Live,ヰ世界情緒-刺繍キャップ-singularity-live,2026-08-30T04:58:56.602357+00:00,2026-08-30T04:58:59.443661+00:00,,,,,
,【ヰ世界情緒】刺繍マルチポーチ／Singularity Live,ヰ世界情緒-刺繍マルチポーチ-singularity-live,2026-08-30T04:58:56.602357+00:00,2026-08-30T04:58:59.443661+00:00,,,,,
,【ヰ世界情緒】「創生」スウェットトップス／1st Album「創生」,ヰ世界情緒-創生-バックプリントスウェットトップ-1st-album-創生,2026-08-30T04:58:56.602357+00:00,2026-08-30T04:58:59.443661+00:00,,,,,
,【ヰ世界情緒】ブルゾン アネモネver.／ヰ世界情緒 3rd Anniversary OFFICIAL GOODS,ヰ世界情緒-衣装-アネモネ-コスチュームブルゾン-ヰ世界情緒-3rd-anniversary-official-goods,2026-08-30T04:58:56.602357+00:00,2026-08-30T04:58:59.443661+00:00,,,,,
,【春猿火】【ヰ世界情緒】【ORESAMA】Ficty×KAMITSUBAKIクリアファイルセット／「COTD展」,春猿火-ヰ世界情緒-oresama-ficty-kamitsubakiクリアファイルセット-cotd展,2026-08-30T04:58:56.602357+00:00,2026-08-30T04:58:59.443661+00:00,,,,,
,【理芽×ヰ世界情緒】「Singularity Live」Tシャツ／Singularity Live,理芽-ヰ世界情緒-singularity-live-tシャツ-singularity-live,2026-08-30T04:58:56.602357+00:00,2026-08-30T04:58:59.443661+00:00,,,,,
,【理芽×ヰ世界情緒】キービジュアルポスター／Singularity Live,理芽-ヰ世界情緒-キービジュアルポスター-singularity-live,2026-08-30T04:58:56.602357+00:00,2026-08-30T04:58:59.443661+00:00,,,,,
,【理芽×ヰ世界情緒】ランダム缶バッジ／Singularity Live,理芽-ヰ世界情緒-キービジュアルポスター-singularity-live-1,2026-08-30T04:58:56.602357+00:00,2026-08-30T04:58:59.443661+00:00,,,,,
10230992896248,【ヰ世界情緒】2DAYS LIVE Blu-ray（Special Box盤 初回生産限定）／ヰ世界情緒 2DAYS LIVE Blu-ray ＆ 復刻おすわりぬいぐるみ,ktr-100-0246,2026-08-30T05:28:39.844951+00:00,2026-08-30T05:28:39.844951+00:00,True,True,0,KTR-100-0246,KTR-100-0246
10230996631800,【ヰ世界情緒】2DAYS LIVE Blu-ray（通常盤）／ヰ世界情緒 2DAYS LIVE Blu-ray ＆ 復刻おすわりぬいぐるみ,ktr-100-0247,2026-08-30T05:28:39.844963+00:00,2026-08-30T05:28:39.844963+00:00,True,True,0,KTR-100-0247,KTR-100-0247
8003748004088,【ヰ世界情緒】おすわりぬいぐるみ アネモネ ver.／ヰ世界情緒 2DAYS LIVE Blu-ray ＆ 復刻おすわりぬいぐるみ,ise-300-0070,2026-08-30T05:28:39.844970+00:00,2026-08-30T05:28:39.844970+00:00,True,True,0,ISE-300-0070,ISE-300-0070
10230936830200,【ヰ世界情緒】おすわりぬいぐるみ ネモフィラ ver.／ヰ世界情緒 2DAYS LIVE Blu-ray ＆ 復刻おすわりぬいぐるみ,ise-300-0071,2026-08-30T05:28:39.844977+00:00,2026-08-30T05:28:39.844977+00:00,True,True,0,ISE-300-0071,ISE-300-0071
10230991356152,【ヰ世界情緒】おすわりぬいぐるみ サンフラワー ver.／ヰ世界情緒 2DAYS LIVE Blu-ray ＆ 復刻おすわりぬいぐるみ,ise-300-0208,2026-08-30T05:28:39.844982+00:00,2026-08-30T05:28:39.844982+00:00,True,True,0,ISE-300-0208,ISE-300-0208
9225891381496,【ヰ世界情緒】「CANDY LIVE 3」／STREAMING COVER LIVE「キャンディライブ3」GOODS＆CD,ktr-000-0217,2026-08-30T05:28:39.844988+00:00,2026-08-30T05:28:39.844988+00:00,True,True,0,KTR-000-0217,KTR-000-0217
9268949647608,【春猿火×ヰ世界情緒】「Singularity Live Vol.4」Blu-ray／TWO-MAN LIVE「Singularity Live Vol.4」OFFICIAL GOODS 第二弾＆ Blu-ray,ktr-100-0224,2026-08-30T05:28:39.844993+00:00,2026-08-30T05:28:39.844993+00:00,True,True,0,KTR-100-0224,KTR-100-0224
7688335491320,【ヰ世界情緒】1st LIVE Blu-ray「Anima」,isekaijoucho220513,2026-08-30T05:28:39.844999+00:00,2026-08-30T05:28:39.844999+00:00,True,True,0,KTR-100-0067,KTR-100-0067
9393068179704,【ヰ世界情緒】リバーシブルアクリルアートパネル／2DAYS LIVE DAY1「Flower Closet」 DAY2「Anima Re:birth」OFFICIAL GOODS,ise-300-0277,2026-08-30T05:28:39.845004+00:00,2026-08-30T05:28:39.845004+00:00,True,True,0,ISE-300-0277,ISE-300-0277
9393065459960,【ヰ世界情緒】FMS限定 キャリーケース＆ラゲッジタグ／2DAYS LIVE DAY1「Flower Closet」 DAY2「Anima Re:birth」OFFICIAL GOODS,ise-300-0272,2026-08-30T05:28:39.845010+00:00,2026-08-30T05:28:39.845010+00:00,True,True,0,ISE-300-0272,ISE-300-0272
9392525476088,【ヰ世界情緒】「Flower Closet」グラフィックKV Tシャツ／2DAYS LIVE DAY1「Flower Closet」 DAY2「Anima Re:birth」OFFICIAL GOODS,ise-300-0264,2026-08-30T05:28:39.845015+00:00,2026-08-30T05:28:39.845015+00:00,True,True,0,"ISE-300-0264, ISE-300-0265, ISE-300-0266","ISE-300-0264, ISE-300-0265, ISE-300-0266"
6922665590957,【ヰ世界情緒】「isekaijoucho&ANEMOS」パーカー／WHITE／2DAYS LIVE DAY1「Flower Closet」 DAY2「Anima Re:birth」OFFICIAL GOODS,ise-300-0005,2026-08-30T05:28:39.845021+00:00,2026-08-30T05:28:39.845021+00:00,True,True,0,"ISE-300-0005, ISE-300-0006","ISE-300-0005, ISE-300-0006"
6922644029613,【ヰ世界情緒】「isekaijoucho&ANEMOS」パーカー／BLACK／2DAYS LIVE DAY1「Flower Closet」 DAY2「Anima Re:birth」OFFICIAL GOODS,ise-300-0003,2026-08-30T05:28:39.845027+00:00,2026-08-30T05:28:39.845027+00:00,True,True,0,"ISE-300-0003, ISE-300-0004","ISE-300-0003, ISE-300-0004"
9265856413944,【ヰ世界情緒】「Virtual Ties 〜ヰ世界情緒夢想曲〜」（完全生産限定版・switch）／Virtual Ties 〜ヰ世界情緒夢想曲〜,ise-300-0244,2026-08-30T05:28:39.845032+00:00,2026-08-30T05:28:39.845032+00:00,True,True,0,ISE-300-0244,ISE-300-0244
9265891049720,【ヰ世界情緒】「Virtual Ties 〜ヰ世界情緒夢想曲〜」（完全生産限定版・steam）／Virtual Ties 〜ヰ世界情緒夢想曲〜,ise-300-0245,2026-08-30T05:28:39.845038+00:00,2026-08-30T05:28:39.845038+00:00,True,True,0,ISE-300-0245,ISE-300-0245
8768133398776,【春猿火×ヰ世界情緒】連結アクリルスタンド ヰ世界情緒／KAMITSUBAKI RADIO CLUB VIRTUAL MINI LIVE,ise-300-0171,2026-08-30T05:28:39.845044+00:00,2026-08-30T05:28:39.845044+00:00,True,True,0,ISE-300-0171,ISE-300-0171
9059814277368,【春猿火×ヰ世界情緒】台本風ステーショナリーセット／神椿報奏部 Pleasure Box & OFFICIAL GOODS,kts-300-0432,2026-08-30T05:28:39.845054+00:00,2026-08-30T05:28:39.845054+00:00,True,True,0,KTS-300-0432,KTS-300-0432
9059813359864,【春猿火×ヰ世界情緒】アクリルジオラマ／神椿報奏部 Pleasure Box & OFFICIAL GOODS,kts-300-0431,2026-08-30T05:28:39.845060+00:00,2026-08-30T05:28:39.845060+00:00,True,True,0,KTS-300-0431,KTS-300-0431
8768045318392,【春猿火×ヰ世界情緒】H&I Track Jacket by HARUI（特典ポストカード付き）／KAMITSUBAKI RADIO CLUB VIRTUAL MINI LIVE,kts-300-0322,2026-08-30T05:28:39.845066+00:00,2026-08-30T05:28:39.845066+00:00,True,True,0,"KTS-300-0322, KTS-300-0323","KTS-300-0322, KTS-300-0323"
8768142835960,【春猿火×ヰ世界情緒】KVタペストリー／KAMITSUBAKI RADIO CLUB VIRTUAL MINI LIVE,kts-300-0327,2026-08-30T05:28:39.845071+00:00,2026-08-30T05:28:39.845071+00:00,True,True,0,KTS-300-0327,KTS-300-0327
8999564640504,【ヰ世界情緒】ジクレーアート illustration byれおえん／ヰ世界情緒展Ⅱ,ise-300-0206,2026-08-30T05:28:39.845077+00:00,2026-08-30T05:28:39.845077+00:00,True,True,0,ISE-300-0206,ISE-300-0206
9175977296120,【ヰ世界情緒】セットC106 ヰ世界情緒／コミックマーケット106出展記念グッズ,ise-300-0234,2026-08-30T05:28:39.845082+00:00,2026-08-30T05:28:39.845082+00:00,True,True,0,ISE-300-0234,ISE-300-0234
9383064174840,【ヰ世界情緒】ミニキャラマスコットキーホルダー／THINKR XR CLASSICS presents KAMITSUBAKI FILM CONCERT「神椿演奏会／想像」2026 WINTER 第二弾,ise-300-0261,2026-08-30T05:28:39.845088+00:00,2026-08-30T05:28:39.845088+00:00,True,True,0,ISE-300-0261,ISE-300-0261
9167644885240,【ヰ世界情緒】ゆらゆらアクリルブロックキーホルダー／THINKR XR CLASSICS presents KAMITSUBAKI FILM CONCERT「神椿演奏会／想像」第二弾,ise-300-0226,2026-08-30T05:28:39.845094+00:00,2026-08-30T05:28:39.845094+00:00,True,True,0,ISE-300-0226,ISE-300-0226
9063057064184,【ヰ世界情緒】FMS限定 タペストリー／THINKR XR CLASSICS presents KAMITSUBAKI FILM CONCERT「神椿演奏会／想像」,ise-300-0222,2026-08-30T05:28:39.845100+00:00,2026-08-30T05:28:39.845100+00:00,True,True,0,ISE-300-0222,ISE-300-0222
9266507514104,【ヰ世界情緒】アクリルスタンド／THINKR XR CLASSICS presents KAMITSUBAKI FILM CONCERT「神椿演奏会／想像」2026 WINTER,ise-300-0248,2026-08-30T05:28:39.845105+00:00,2026-08-30T05:28:39.845105+00:00,True,True,0,ISE-300-0248,ISE-300-0248
9167763243256,【春猿火×ヰ世界情緒】Tシャツ ヰ世界情緒 ver.／Singularity Live Vol.4,kts-300-0483,2026-08-30T05:28:39.845111+00:00,2026-08-30T05:28:39.845111+00:00,True,True,0,"KTS-300-0483, KTS-300-0484, KTS-300-0485","KTS-300-0483, KTS-300-0484, KTS-300-0485"
9167775203576,【春猿火×ヰ世界情緒】マフラータオル ヰ世界情緒 ver.／Singularity Live Vol.4,kts-300-0489,2026-08-30T05:28:39.845116+00:00,2026-08-30T05:28:39.845116+00:00,True,True,0,KTS-300-0489,KTS-300-0489
9167769796856,【春猿火×ヰ世界情緒】ヰ世界情緒ミニライブキット／Singularity Live Vol.4,kts-300-0487,2026-08-30T05:28:39.845122+00:00,2026-08-30T05:28:39.845122+00:00,True,True,0,KTS-300-0487,KTS-300-0487
9167792472312,【春猿火×ヰ世界情緒】H&I スタジアムジャケット／Singularity Live Vol.4,kts-300-0494,2026-08-30T05:28:39.845127+00:00,2026-08-30T05:28:39.845127+00:00,True,True,0,"KTS-300-0494, KTS-300-0495, KTS-300-0496","KTS-300-0494, KTS-300-0495, KTS-300-0496"
9167785066744,【春猿火×ヰ世界情緒】ZIPフーディー／Singularity Live Vol.4,kts-300-0491,2026-08-30T05:28:39.845133+00:00,2026-08-30T05:28:39.845133+00:00,True,True,0,"KTS-300-0491, KTS-300-0492, KTS-300-0493","KTS-300-0491, KTS-300-0492, KTS-300-0493"
9167811969272,【春猿火×ヰ世界情緒】3層アクリルアートパネル／Singularity Live Vol.4,kts-300-0499,2026-08-30T05:28:39.845138+00:00,2026-08-30T05:28:39.845138+00:00,True,True,0,KTS-300-0499,KTS-300-0499
9167815835896,【春猿火×ヰ世界情緒】刺繍キャップ／Singularity Live Vol.4,kts-300-0500,2026-08-30T05:28:39.845144+00:00,2026-08-30T05:28:39.845144+00:00,True,True,0,KTS-300-0500,KTS-300-0500
9167808102648,【春猿火×ヰ世界情緒】キービジュアルタペストリー／Singularity Live Vol.4,kts-300-0498,2026-08-30T05:28:39.845149+00:00,2026-08-30T05:28:39.845149+00:00,True,True,0,KTS-300-0498,KTS-300-0498
9167803547896,【春猿火×ヰ世界情緒】アイコンタンブラー／Singularity Live Vol.4,kts-300-0497,2026-08-30T05:28:39.845155+00:00,2026-08-30T05:28:39.845155+00:00,True,True,0,KTS-300-0497,KTS-300-0497
9168728555768,【ヰ世界情緒】アクリルスタンド ヰ世界情緒／KAMITSUBAKI FES ’25 OUR ONE-DAY WAR,ise-300-0233,2026-08-30T05:28:39.845160+00:00,2026-08-30T05:28:39.845160+00:00,True,True,0,ISE-300-0233,ISE-300-0233
8999679656184,【ヰ世界情緒】アクリルスタンド サンフラワー ver.／ヰ世界情緒展Ⅱ,ise-300-0197,2026-08-30T05:28:39.845165+00:00,2026-08-30T05:28:39.845165+00:00,True,True,0,ISE-300-0197,ISE-300-0197
8999683883256,【ヰ世界情緒】タペストリー サンフラワー ver.／ヰ世界情緒展Ⅱ,ise-300-0198,2026-08-30T05:28:39.845171+00:00,2026-08-30T05:28:39.845171+00:00,True,True,0,ISE-300-0198,ISE-300-0198
8855831347448,【ヰ世界情緒】缶バッジ 3個セット／Virtual mini live「Collection Bouquet」& 5th Anniversary & 3rd ONE-MAN LIVE「Anima Ⅲ」Blu-ray,ise-300-0181,2026-08-30T05:28:39.845176+00:00,2026-08-30T05:28:39.845176+00:00,True,True,0,ISE-300-0181,ISE-300-0181
9059817423096,【春猿火×ヰ世界情緒】「神椿報奏部 Pleasure Box」／神椿報奏部 Pleasure Box & OFFICIAL GOODS,ktr-100-0199,2026-08-30T05:28:39.845181+00:00,2026-08-30T05:28:39.845181+00:00,True,True,0,KTR-100-0199,KTR-100-0199
8999567589624,【ヰ世界情緒】ヰ世界情緒作品集「息吹Ⅱ」／ヰ世界情緒展Ⅱ,ise-300-0210,2026-08-30T05:28:39.845187+00:00,2026-08-30T05:28:39.845187+00:00,True,True,0,ISE-300-0210,ISE-300-0210
8999565492472,【ヰ世界情緒】3層アクリルフレームアート illustration byヰ世界情緒／ヰ世界情緒展Ⅱ,ise-300-0207,2026-08-30T05:28:39.845192+00:00,2026-08-30T05:28:39.845192+00:00,True,True,0,ISE-300-0207,ISE-300-0207
8999669924088,【ヰ世界情緒】ランダム缶バッジ ヰ世界情緒展Ⅱ ver.／ヰ世界情緒展Ⅱ,ise-300-0194,2026-08-30T05:28:39.845198+00:00,2026-08-30T05:28:39.845198+00:00,True,True,0,ISE-300-0194,ISE-300-0194
8657080516856,【ヰ世界情緒】保冷トート／SINKA LIVE SERIES EP.Ⅰ ヰ世界情緒 2nd ONE-MAN LIVE「Anima Ⅱ」Blu-ray & 3rd ONE-MAN LIVE「Anima Ⅲ」第二弾,ise-300-0161,2026-08-30T05:28:39.845203+00:00,2026-08-30T05:28:39.845203+00:00,True,True,0,ISE-300-0161,ISE-300-0161
8657143791864,【ヰ世界情緒】ランダムスクエア缶バッジ（全13種）／SINKA LIVE SERIES EP.Ⅰ ヰ世界情緒 2nd ONE-MAN LIVE「Anima Ⅱ」Blu-ray & 3rd ONE-MAN LIVE「Anima Ⅲ」第二弾,ise-300-0168,2026-08-30T05:28:39.845209+00:00,2026-08-30T05:28:39.845209+00:00,True,True,0,ISE-300-0168,ISE-300-0168
8657092903160,【ヰ世界情緒】クリアプレート／SINKA LIVE SERIES EP.Ⅰ ヰ世界情緒 2nd ONE-MAN LIVE「Anima Ⅱ」Blu-ray & 3rd ONE-MAN LIVE「Anima Ⅲ」第二弾,ise-300-0162,2026-08-30T05:28:39.845214+00:00,2026-08-30T05:28:39.845214+00:00,True,True,0,ISE-300-0162,ISE-300-0162
8599429316856,【ヰ世界情緒】ラバーバンドセット／SINKA LIVE SERIES EP.Ⅰ ヰ世界情緒 2nd ONE-MAN LIVE「Anima Ⅱ」Blu-ray & 3rd ONE-MAN LIVE「Anima Ⅲ」第二弾,ise-300-0155,2026-08-30T05:28:39.845220+00:00,2026-08-30T05:28:39.845220+00:00,True,True,0,ISE-300-0155,ISE-300-0155
8656565764344,【ヰ世界情緒】ランダムステッカーセット4枚入り（全22種）／SINKA LIVE SERIES EP.Ⅰ ヰ世界情緒 2nd ONE-MAN LIVE「Anima Ⅱ」Blu-ray & 3rd ONE-MAN LIVE「Anima Ⅲ」第二弾,ise-300-0157,2026-08-30T05:28:39.845225+00:00,2026-08-30T05:28:39.845225+00:00,True,True,0,ISE-300-0157,ISE-300-0157
8656755196152,【ヰ世界情緒】ショッパー／SINKA LIVE SERIES EP.Ⅰ ヰ世界情緒 2nd ONE-MAN LIVE「Anima Ⅱ」Blu-ray & 3rd ONE-MAN LIVE「Anima Ⅲ」第二弾,ise-300-0158,2026-08-30T05:28:39.845231+00:00,2026-08-30T05:28:39.845231+00:00,True,True,0,ISE-300-0158,ISE-300-0158
8501198618872,【ヰ世界情緒】ジャガードマフラータオル／3rd ONE-MAN LIVE「Anima Ⅲ」,ise-300-0142,2026-08-30T05:28:39.845237+00:00,2026-08-30T05:28:39.845237+00:00,True,True,0,ISE-300-0142,ISE-300-0142
8501235253496,【ヰ世界情緒】接触冷感なりきりフードタオル／3rd ONE-MAN LIVE「Anima Ⅲ」,ise-300-0146,2026-08-30T05:28:39.845242+00:00,2026-08-30T05:28:39.845242+00:00,True,True,0,ISE-300-0146,ISE-300-0146
8501236793592,【ヰ世界情緒】チケットホルダーバッジ（自己紹介カード、レプリカチケット付）／3rd ONE-MAN LIVE「Anima Ⅲ」,ise-300-0147,2026-08-30T05:28:39.845247+00:00,2026-08-30T05:28:39.845247+00:00,True,True,0,ISE-300-0147,ISE-300-0147
9098181509368,【ヰ世界情緒】マフラータオル ヰ世界情緒／KAMITSUBAKI WARS 2025 神椿後楽園戦線 KAMITSUBAKI XPERIENCE,ise-300-0214,2026-08-30T05:28:39.845252+00:00,2026-08-30T05:28:39.845252+00:00,True,True,0,ISE-300-0214,ISE-300-0214
9098209394936,【ヰ世界情緒】ライブ応援グッズセット ヰ世界情緒／KAMITSUBAKI WARS 2025 神椿後楽園戦線 KAMITSUBAKI XPERIENCE,ise-300-0216,2026-08-30T05:28:39.845257+00:00,2026-08-30T05:28:39.845257+00:00,True,True,0,"ISE-300-0216, ISE-300-0217, ISE-300-0218","ISE-300-0216, ISE-300-0217, ISE-300-0218"
7025081581741,【ヰ世界情緒】1st Album「創生β」,ヰ世界情緒-1st-album-創生β,2026-08-30T05:28:39.845261+00:00,2026-08-30T05:28:39.845261+00:00,True,True,0,KTR-000-0035,KTR-000-0035
8211481329912,【ヰ世界情緒】「色彩」α／2nd Album「色彩」& 4th Anniversary & ヰ世界電子通信部 OFFICIAL GOODS,ktr-000-0127,2026-08-30T05:28:39.845265+00:00,2026-08-30T05:28:39.845265+00:00,True,True,0,KTR-000-0127,KTR-000-0127
8211488801016,【ヰ世界情緒】「色彩」β／2nd Album「色彩」& 4th Anniversary & ヰ世界電子通信部 OFFICIAL GOODS,ktr-000-0128,2026-08-30T05:28:39.845270+00:00,2026-08-30T05:28:39.845270+00:00,True,True,0,KTR-000-0128,KTR-000-0128
8855836721400,【ヰ世界情緒】「Anima III」Blu-ray／Virtual mini live「Collection Bouquet」& 5th Anniversary & 3rd ONE-MAN LIVE「Anima Ⅲ」Blu-ray,ktr-100-0175,2026-08-30T05:28:39.845275+00:00,2026-08-30T05:28:39.845275+00:00,True,True,0,KTR-100-0175,KTR-100-0175
8673278853368,【ヰ世界情緒】「Anima」デジタルライブパンフレット,ise-200-0170,2026-08-30T05:28:39.845279+00:00,2026-08-30T05:28:39.845279+00:00,True,True,0,ISE-200-0170,ISE-200-0170
8010626924792,【ヰ世界情緒】SINKA LIVE SERIES EP.Ⅰ「Anima Ⅱ -神椿市参番街-」デジタルライブパンフレット／SINKA LIVE SERIES EP.Ⅰヰ世界情緒,ise-300-88,2026-08-30T05:28:39.845284+00:00,2026-08-30T05:28:39.845284+00:00,True,True,0,ISE-300-0088,ISE-300-0088
9005896204536,【ヰ世界情緒】「Anima Ⅲ」デジタルライブパンフレット／3rd ONE-MAN LIVE「Anima Ⅲ」,ise-300-0212,2026-08-30T05:28:39.845289+00:00,2026-08-30T05:28:39.845289+00:00,True,True,0,ISE-300-0212,ISE-300-0212
8345706791160,【ヰ世界情緒】「project canvas ～ヰ世界情緒育成計画～」スペシャルグッズセット／「project canvas ～ヰ世界情緒育成計画～」OFFICIAL GOODS,ise-300-0117,2026-08-30T05:28:39.845294+00:00,2026-08-30T05:28:39.845294+00:00,True,True,0,ISE-300-0117,ISE-300-0117
8346121994488,【ヰ世界情緒】「project canvas ～ヰ世界情緒育成計画～」タペストリー／「project canvas ～ヰ世界情緒育成計画～」OFFICIAL GOODS,ise-300-0118,2026-08-30T05:28:39.845298+00:00,2026-08-30T05:28:39.845298+00:00,True,True,0,ISE-300-0118,ISE-300-0118
8346177044728,【ヰ世界情緒】「project canvas ～ヰ世界情緒育成計画～」リバーシブルアクリルスタンド／「project canvas ～ヰ世界情緒育成計画～」OFFICIAL GOODS,ise-300-0119,2026-08-30T05:28:39.845302+00:00,2026-08-30T05:28:39.845302+00:00,True,True,0,ISE-300-0119,ISE-300-0119
8346340294904,【ヰ世界情緒】ステンドグラスキーホルダー／「project canvas ～ヰ世界情緒育成計画～」OFFICIAL GOODS,ise-300-0120,2026-08-30T05:28:39.845308+00:00,2026-08-30T05:28:39.845308+00:00,True,True,0,ISE-300-0120,ISE-300-0120
8346466255096,【ヰ世界情緒】グラスマグカップ／「project canvas ～ヰ世界情緒育成計画～」OFFICIAL GOODS,ise-300-0121,2026-08-30T05:28:39.845312+00:00,2026-08-30T05:28:39.845312+00:00,True,True,0,ISE-300-0121,ISE-300-0121
8346731380984,【ヰ世界情緒】pixel art Tシャツ ／「project canvas ～ヰ世界情緒育成計画～」OFFICIAL GOODS,ise-300-0122,2026-08-30T05:28:39.845317+00:00,2026-08-30T05:28:39.845317+00:00,True,True,0,"ISE-300-0122, ISE-300-0123, ISE-300-0124","ISE-300-0122, ISE-300-0123, ISE-300-0124"
8346738032888,【ヰ世界情緒】pixel art ロングスリーブTシャツ ／「project canvas ～ヰ世界情緒育成計画～」OFFICIAL GOODS,ise-300-0125,2026-08-30T05:28:39.845321+00:00,2026-08-30T05:28:39.845321+00:00,True,True,0,"ISE-300-0125, ISE-300-0126, ISE-300-0127","ISE-300-0125, ISE-300-0126, ISE-300-0127"
8346742817016,【ヰ世界情緒】pixel art デスクマット／「project canvas ～ヰ世界情緒育成計画～」OFFICIAL GOODS,ise-300-0128,2026-08-30T05:28:39.845326+00:00,2026-08-30T05:28:39.845326+00:00,True,True,0,ISE-300-0128,ISE-300-0128
8346745635064,【ヰ世界情緒】pixel art クッション／「project canvas ～ヰ世界情緒育成計画～」OFFICIAL GOODS,ise-300-0129,2026-08-30T05:28:39.845330+00:00,2026-08-30T05:28:39.845330+00:00,True,True,0,ISE-300-0129,ISE-300-0129
8346748190968,【ヰ世界情緒】pixel art ステーショナリーセット／「project canvas ～ヰ世界情緒育成計画～」OFFICIAL GOODS,ise-300-0130,2026-08-30T05:28:39.845334+00:00,2026-08-30T05:28:39.845334+00:00,True,True,0,ISE-300-0130,ISE-300-0130
8346755367160,【ヰ世界情緒】pixel art フォンタブ＆スマホリングストラップ／「project canvas ～ヰ世界情緒育成計画～」OFFICIAL GOODS,ise-300-0131,2026-08-30T05:28:39.845339+00:00,2026-08-30T05:28:39.845339+00:00,True,True,0,ISE-300-0131,ISE-300-0131
8346797310200,【ヰ世界情緒】pixel art スマホデコステッカーセット／「project canvas ～ヰ世界情緒育成計画～」OFFICIAL GOODS,ise-300-0132,2026-08-30T05:28:39.845343+00:00,2026-08-30T05:28:39.845343+00:00,True,True,0,ISE-300-0132,ISE-300-0132
8346800161016,【ヰ世界情緒】pixel art ランダム2wayアクリルスタンド／「project canvas ～ヰ世界情緒育成計画～」OFFICIAL GOODS,ise-300-0133,2026-08-30T05:28:39.845348+00:00,2026-08-30T05:28:39.845348+00:00,True,True,0,ISE-300-0133,ISE-300-0133
8497742315768,【ヰ世界情緒】「Anima Ⅲ」ライブパンフレット／3rd ONE-MAN LIVE「Anima Ⅲ」,ise-300-0134,2026-08-30T05:28:39.845354+00:00,2026-08-30T05:28:39.845354+00:00,True,True,0,ISE-300-0134,ISE-300-0134
8657073111288,【ヰ世界情緒】缶バッジ／SINKA LIVE SERIES EP.Ⅰ ヰ世界情緒 2nd ONE-MAN LIVE「Anima Ⅱ」Blu-ray & 3rd ONE-MAN LIVE「Anima Ⅲ」第二弾,ise-300-0160,2026-08-30T05:28:39.845358+00:00,2026-08-30T05:28:39.845358+00:00,True,True,0,ISE-300-0160,ISE-300-0160
8501209366776,【ヰ世界情緒】BIGサマートートバッグ／3rd ONE-MAN LIVE「Anima Ⅲ」,ise-300-0144,2026-08-30T05:28:39.845363+00:00,2026-08-30T05:28:39.845363+00:00,True,True,0,ISE-300-0144,ISE-300-0144
8501221458168,【ヰ世界情緒】サコッシュ／3rd ONE-MAN LIVE「Anima Ⅲ」,ise-300-0143,2026-08-30T05:28:39.845367+00:00,2026-08-30T05:28:39.845367+00:00,True,True,0,ISE-300-0143,ISE-300-0143
8501232894200,【ヰ世界情緒】アネモスラゲッジタグ／3rd ONE-MAN LIVE「Anima Ⅲ」,ise-300-0148,2026-08-30T05:28:39.845372+00:00,2026-08-30T05:28:39.845372+00:00,True,True,0,ISE-300-0148,ISE-300-0148
8501238333688,【ヰ世界情緒】アクリルスタンド 「Anima Ⅲ」 ver.／3rd ONE-MAN LIVE「Anima Ⅲ」,ise-300-0149,2026-08-30T05:28:39.845376+00:00,2026-08-30T05:28:39.845376+00:00,True,True,0,ISE-300-0149,ISE-300-0149
8501240135928,【ヰ世界情緒】アクリルフォトスタンド 「Anima Ⅲ」 ver.／3rd ONE-MAN LIVE「Anima Ⅲ」,ise-300-0150,2026-08-30T05:28:39.845381+00:00,2026-08-30T05:28:39.845381+00:00,True,True,0,ISE-300-0150,ISE-300-0150
8211449348344,【ヰ世界情緒】オリジナルブルゾン ネモフィラ ver.／2nd Album「色彩」& 4th Anniversary & ヰ世界電子通信部 OFFICIAL GOODS,ise-300-0101,2026-08-30T05:28:39.845385+00:00,2026-08-30T05:28:39.845385+00:00,True,True,0,"ISE-300-0101, ISE-300-0102","ISE-300-0101, ISE-300-0102"
8211450855672,【ヰ世界情緒】アートフラワーディフューザー produced by ISEKAIJOUCHO／2nd Album「色彩」& 4th Anniversary & ヰ世界電子通信部 OFFICIAL GOODS,ise-300-0103,2026-08-30T05:28:39.845390+00:00,2026-08-30T05:28:39.845390+00:00,True,True,0,ISE-300-0103,ISE-300-0103
8211451740408,【ヰ世界情緒】デザインフレームアート（シリアルナンバー入り）／2nd Album「色彩」& 4th Anniversary & ヰ世界電子通信部 OFFICIAL GOODS,ise-300-0104,2026-08-30T05:28:39.845399+00:00,2026-08-30T05:28:39.845399+00:00,True,True,0,ISE-300-0104,ISE-300-0104
8211452461304,【ヰ世界情緒】4th Anniversary リング／2nd Album「色彩」& 4th Anniversary & ヰ世界電子通信部 OFFICIAL GOODS,ise-300-0105,2026-08-30T05:28:39.845404+00:00,2026-08-30T05:28:39.845404+00:00,True,True,0,ISE-300-0105,ISE-300-0105
8211453247736,【ヰ世界情緒】「色彩」缶バッジセット（2個）／2nd Album「色彩」& 4th Anniversary & ヰ世界電子通信部 OFFICIAL GOODS,ise-300-0106,2026-08-30T05:28:39.845409+00:00,2026-08-30T05:28:39.845409+00:00,True,True,0,ISE-300-0106,ISE-300-0106
8211454492920,【ヰ世界情緒】ヰ世界電子通信部　卓上カレンダー／2nd Album「色彩」& 4th Anniversary & ヰ世界電子通信部 OFFICIAL GOODS,ise-300-0107,2026-08-30T05:28:39.845414+00:00,2026-08-30T05:28:39.845414+00:00,True,True,0,ISE-300-0107,ISE-300-0107
8211454787832,【ヰ世界情緒】ヰ世界電子通信部　ロングスリーブTシャツ／2nd Album「色彩」& 4th Anniversary & ヰ世界電子通信部 OFFICIAL GOODS,ise-300-0108,2026-08-30T05:28:39.845419+00:00,2026-08-30T05:28:39.845419+00:00,True,True,0,"ISE-300-0108, ISE-300-0109, ISE-300-0110","ISE-300-0108, ISE-300-0109, ISE-300-0110"
8211455607032,【ヰ世界情緒】ヰ世界電子通信部　ディスプレイ風アクリルスタンド／2nd Album「色彩」& 4th Anniversary & ヰ世界電子通信部 OFFICIAL GOODS,ise-300-0111,2026-08-30T05:28:39.845423+00:00,2026-08-30T05:28:39.845423+00:00,True,True,0,ISE-300-0111,ISE-300-0111
8211455901944,【ヰ世界情緒】ヰ世界電子通信部　ルームキーホルダー／2nd Album「色彩」& 4th Anniversary & ヰ世界電子通信部 OFFICIAL GOODS,ise-300-0112,2026-08-30T05:28:39.845428+00:00,2026-08-30T05:28:39.845428+00:00,True,True,0,ISE-300-0112,ISE-300-0112
8137383674104,【ヰ世界情緒】アンティーク風 懐中時計／Virtual mini live「parallel canvas Ⅱ」,ise-300-0091,2026-08-30T05:28:39.845432+00:00,2026-08-30T05:28:39.845432+00:00,True,True,0,ISE-300-0091,ISE-300-0091
8137382396152,【ヰ世界情緒】リバーシブルブランケット／Virtual mini live「parallel canvas Ⅱ」,ise-300-0099,2026-08-30T05:28:39.845436+00:00,2026-08-30T05:28:39.845436+00:00,True,True,0,ISE-300-0099,ISE-300-0099
7986815762680,【V.W.P】1st ONE-MAN LIVE「魔女集会&現象」Blu-ray／1st ONE-MAN LIVE「魔女集会&現象」,ktr-000-0107,2026-08-30T05:28:39.845441+00:00,2026-08-30T05:28:39.845441+00:00,True,True,0,KTR-000-0107,KTR-000-0107
7928754831608,【V.W.P】V.W.P FANTASY ぬいぐるみ／KAMITSUBAKI FES 2023,vwp-300-0084,2026-08-30T05:28:39.845445+00:00,2026-08-30T05:28:39.845445+00:00,True,True,0,"VWP-300-0084, VWP-300-0085, VWP-300-0086, VWP-300-0087, VWP-300-0088","VWP-300-0084, VWP-300-0085, VWP-300-0086, VWP-300-0087, VWP-300-0088"
7880051032312,【ヰ世界情緒】ブルゾン アネモネver.／ヰ世界情緒 3rd Anniversary OFFICIAL GOODS,ヰ世界情緒-衣装-アネモネ-コスチュームブルゾン-ヰ世界情緒-3rd-anniversary-official-goods,2026-08-30T05:28:39.845449+00:00,2026-08-30T05:28:39.845449+00:00,True,True,0,ISE-300-0050,ISE-300-0050
8137385509112,【ヰ世界情緒】ジップアップパーカー／Virtual mini live「parallel canvas Ⅱ」,ise-300-0092,2026-08-30T05:28:39.845454+00:00,2026-08-30T05:28:39.845454+00:00,True,True,0,"ISE-300-0092, ISE-300-0093, ISE-300-0094","ISE-300-0092, ISE-300-0093, ISE-300-0094"
8137388589304,【ヰ世界情緒】アロマキャンドル／Virtual mini live「parallel canvas Ⅱ」,ise-300-0095,2026-08-30T05:28:39.845458+00:00,2026-08-30T05:28:39.845458+00:00,True,True,0,ISE-300-0095,ISE-300-0095
8137390031096,【ヰ世界情緒】きぐるみ付きミニクッションマスコット／Virtual mini live「parallel canvas Ⅱ」,ise-300-0098,2026-08-30T05:28:39.845462+00:00,2026-08-30T05:28:39.845462+00:00,True,True,0,ISE-300-0098,ISE-300-0098
8137382822136,【ヰ世界情緒】マグカップ＆コースターセット／Virtual mini live「parallel canvas Ⅱ」,ise-300-0089,2026-08-30T05:28:39.845467+00:00,2026-08-30T05:28:39.845467+00:00,True,True,0,ISE-300-0089,ISE-300-0089
8137383313656,【ヰ世界情緒】キャンディーアクリルキーホルダー／Virtual mini live「parallel canvas Ⅱ」,ise-300-0090,2026-08-30T05:28:39.845471+00:00,2026-08-30T05:28:39.845471+00:00,True,True,0,ISE-300-0090,ISE-300-0090
8137386000632,【ヰ世界情緒】アクリルスタンド／Virtual mini live「parallel canvas Ⅱ」,ise-300-0096,2026-08-30T05:28:39.845475+00:00,2026-08-30T05:28:39.845475+00:00,True,True,0,ISE-300-0096,ISE-300-0096
8137386230008,【ヰ世界情緒】アクリルフォトスタンド／Virtual mini live「parallel canvas Ⅱ」,ise-300-0097,2026-08-30T05:28:39.845480+00:00,2026-08-30T05:28:39.845480+00:00,True,True,0,ISE-300-0097,ISE-300-0097
8003795878136,【ヰ世界情緒】Tシャツ／BLACK／SINKA LIVE SERIES EP.Ⅰ ヰ世界情緒,ise-300-0076,2026-08-30T05:28:39.845484+00:00,2026-08-30T05:28:39.845484+00:00,True,True,0,"ISE-300-0076, ISE-300-0077, ISE-300-0078","ISE-300-0076, ISE-300-0077, ISE-300-0078"
8003885596920,【ヰ世界情緒】メタルアートパネル（シリアルナンバー入り）／SINKA LIVE SERIES EP.Ⅰ ヰ世界情緒,ise-300-0082,2026-08-30T05:28:39.845489+00:00,2026-08-30T05:28:39.845489+00:00,True,True,0,ISE-300-0082,ISE-300-0082
8003896017144,【ヰ世界情緒】ビジュアルマルチクロス／SINKA LIVE SERIES EP.Ⅰ ヰ世界情緒,ise-300-0087,2026-08-30T05:28:39.845493+00:00,2026-08-30T05:28:39.845493+00:00,True,True,0,ISE-300-0087,ISE-300-0087
7974202310904,【ヰ世界情緒】parallel canvasグッズセット（特典付き）／Virtual mini live「parallel canvas」,ise-300-0068,2026-08-30T05:28:39.845498+00:00,2026-08-30T05:28:39.845498+00:00,True,True,0,ISE-300-0068,ISE-300-0068
7928889409784,【V.W.P】イラストペンライト V.W.P／KAMITSUBAKI FES 2023,kaf-300-0249,2026-08-30T05:28:39.845502+00:00,2026-08-30T05:28:39.845502+00:00,True,True,0,"KAF-300-0249, HAR-300-0047, ISE-300-0062, KOK-300-0036","KAF-300-0249, HAR-300-0047, ISE-300-0062, KOK-300-0036"
7880091238648,【ヰ世界情緒】ダイカットキーケース／ヰ世界情緒 3rd Anniversary OFFICIAL GOODS,ヰ世界情緒-ダイカットキーケース-ヰ世界情緒-3rd-anniversary-official-goods,2026-08-30T05:28:39.845507+00:00,2026-08-30T05:28:39.845507+00:00,True,True,0,ISE-300-0054,ISE-300-0054
8003781460216,【ヰ世界情緒】オルゴール（シリウスの心臓）／SINKA LIVE SERIES EP.Ⅰ ヰ世界情緒,ise-300-0072,2026-08-30T05:28:39.845511+00:00,2026-08-30T05:28:39.845511+00:00,True,True,0,ISE-300-0072,ISE-300-0072
8003785588984,【ヰ世界情緒】Tシャツ／WHITE／SINKA LIVE SERIES EP.Ⅰ ヰ世界情緒,ise-300-0073,2026-08-30T05:28:39.845515+00:00,2026-08-30T05:28:39.845515+00:00,True,True,0,"ISE-300-0073, ISE-300-0074, ISE-300-0075","ISE-300-0073, ISE-300-0074, ISE-300-0075"
8003877961976,【ヰ世界情緒】ランダムラバーキーホルダー（全6種）／SINKA LIVE SERIES EP.Ⅰ ヰ世界情緒,ise-300-0080,2026-08-30T05:28:39.845520+00:00,2026-08-30T05:28:39.845520+00:00,True,True,0,ISE-300-0080,ISE-300-0080
8003883958520,【ヰ世界情緒】ペアパスタプレート／SINKA LIVE SERIES EP.Ⅰ ヰ世界情緒,ise-300-0081,2026-08-30T05:28:39.845524+00:00,2026-08-30T05:28:39.845524+00:00,True,True,0,ISE-300-0081,ISE-300-0081
8003889299704,【ヰ世界情緒】ショルダーバッグ／SINKA LIVE SERIES EP.Ⅰ ヰ世界情緒,ise-300-0084,2026-08-30T05:28:39.845529+00:00,2026-08-30T05:28:39.845529+00:00,True,True,0,ISE-300-0084,ISE-300-0084
8003892609272,【ヰ世界情緒】ネモフィラキーリング／SINKA LIVE SERIES EP.Ⅰ ヰ世界情緒,ise-300-0085,2026-08-30T05:28:39.845533+00:00,2026-08-30T05:28:39.845533+00:00,True,True,0,ISE-300-0085,ISE-300-0085
8003876061432,【ヰ世界情緒】アクリルスタンド Anima Ⅱ ver.／SINKA LIVE SERIES EP.Ⅰ ヰ世界情緒,ise-300-0079,2026-08-30T05:28:39.845574+00:00,2026-08-30T05:28:39.845574+00:00,True,True,0,ISE-300-0079,ISE-300-0079
8003886579960,【ヰ世界情緒】ステッカーセット／SINKA LIVE SERIES EP.Ⅰ ヰ世界情緒,ise-300-0083,2026-08-30T05:28:39.845578+00:00,2026-08-30T05:28:39.845578+00:00,True,True,0,ISE-300-0083,ISE-300-0083
8003894411512,【ヰ世界情緒】クリアファイルセット／SINKA LIVE SERIES EP.Ⅰ ヰ世界情緒,ise-300-0086,2026-08-30T05:28:39.845583+00:00,2026-08-30T05:28:39.845583+00:00,True,True,0,ISE-300-0086,ISE-300-0086
7974205161720,【ヰ世界情緒】ランダムブロマイド（3枚入り）／Virtual mini live「parallel canvas」,ise-300-0069,2026-08-30T05:28:39.845587+00:00,2026-08-30T05:28:39.845587+00:00,True,True,0,ISE-300-0069,ISE-300-0069
7928751554808,【V.W.P】KAMITSUBAKI FES アクリルスタンド V.W.P／KAMITSUBAKI FES 2023,kaf-300-0250,2026-08-30T05:28:39.845592+00:00,2026-08-30T05:28:39.845592+00:00,True,True,0,"KAF-300-0250, RIM-300-0046, HAR-300-0048, ISE-300-0063, KOK-300-0037","KAF-300-0250, RIM-300-0046, HAR-300-0048, ISE-300-0063, KOK-300-0037"
7880060567800,【ヰ世界情緒】アニバーサリーネックレス／ヰ世界情緒 3rd Anniversary OFFICIAL GOODS,ヰ世界情緒-アニバーサリーネックレス-ヰ世界情緒-3rd-anniversary-official-goods,2026-08-30T05:28:39.845597+00:00,2026-08-30T05:28:39.845597+00:00,True,True,0,ISE-300-0053,ISE-300-0053
7905276821752,【ヰ世界情緒】アクリルアートパネル2／キャンディライブ2,ヰ世界情緒-アクリルアートパネル2-キャンディライブ2,2026-08-30T05:28:39.845601+00:00,2026-08-30T05:28:39.845601+00:00,True,True,0,ISE-300-0058,ISE-300-0058
7880057946360,【ヰ世界情緒】ヰ世界情緒作品集「息吹 - connecting world - 」／コミックマーケット101出展記念,ヰ世界情緒-ヰ世界情緒作品集-息吹-connecting-world-コミックマーケット101出展記念,2026-08-30T05:28:39.845606+00:00,2026-08-30T05:28:39.845606+00:00,True,True,0,ISE-300-0055,ISE-300-0055
7792246325496,【ヰ世界情緒】グラフィックパーカー／ヰ世界情緒展,ヰ世界情緒-グラフィックパーカー-ヰ世界情緒展,2026-08-30T05:28:39.845611+00:00,2026-08-30T05:28:39.845611+00:00,True,True,0,"ISE-300-0034, ISE-300-0035, ISE-300-0036","ISE-300-0034, ISE-300-0035, ISE-300-0036"
7792261595384,【ヰ世界情緒】ビジュアルクリアケース／ヰ世界情緒展,ヰ世界情緒-ビジュアルクリアケース-ヰ世界情緒展,2026-08-30T05:28:39.845615+00:00,2026-08-30T05:28:39.845615+00:00,True,True,0,ISE-300-0044,ISE-300-0044
7974194905336,【ヰ世界情緒】フルグラフィックTシャツ／Virtual mini live「parallel canvas」,ise-300-0065,2026-08-30T05:28:39.845620+00:00,2026-08-30T05:28:39.845620+00:00,True,True,0,ISE-300-0065,ISE-300-0065
7974199984376,【ヰ世界情緒】マフラータオル／Virtual mini live「parallel canvas」,ise-300-0066,2026-08-30T05:28:39.845625+00:00,2026-08-30T05:28:39.845625+00:00,True,True,0,ISE-300-0066,ISE-300-0066
7974201426168,【ヰ世界情緒】タペストリー／Virtual mini live「parallel canvas」,ise-300-0067,2026-08-30T05:28:39.845629+00:00,2026-08-30T05:28:39.845629+00:00,True,True,0,ISE-300-0067,ISE-300-0067
7928865849592,【ヰ世界情緒】シンギュラリティーのひ ヰ世界情緒 Tシャツ／KAMITSUBAKI FES 2023,ise-300-0059,2026-08-30T05:28:39.845633+00:00,2026-08-30T05:28:39.845633+00:00,True,True,0,"ISE-300-0059, ISE-300-0060, ISE-300-0061","ISE-300-0059, ISE-300-0060, ISE-300-0061"
7880059551992,【ヰ世界情緒】オリジナルオードトワレ／ヰ世界情緒 3rd Anniversary OFFICIAL GOODS,ヰ世界情緒-オリジナルオードトワレ-ヰ世界情緒-3rd-anniversary-official-goods,2026-08-30T05:28:39.845638+00:00,2026-08-30T05:28:39.845638+00:00,True,True,0,ISE-300-0051,ISE-300-0051
7880059912440,【ヰ世界情緒】アクリルジオラマスタンド／ヰ世界情緒 3rd Anniversary OFFICIAL GOODS,ヰ世界情緒-アクリルジオラマスタンド-ヰ世界情緒-3rd-anniversary-official-goods,2026-08-30T05:28:39.845642+00:00,2026-08-30T05:28:39.845642+00:00,True,True,0,ISE-300-0052,ISE-300-0052
7905269186808,【ヰ世界情緒】SNS風キーホルダー／キャンディライブ2,ヰ世界情緒-sns風キーホルダー,2026-08-30T05:28:39.845646+00:00,2026-08-30T05:28:39.845646+00:00,True,True,0,ISE-300-0057,ISE-300-0057
7880056832248,【ヰ世界情緒】ランダムミニアクリルキーホルダー／コミックマーケット101出展記念,ヰ世界情緒-ランダムミニアクリルキーホルダー-コミックマーケット101出展記念,2026-08-30T05:28:39.845651+00:00,2026-08-30T05:28:39.845651+00:00,True,True,0,ISE-300-0056,ISE-300-0056
7790483734776,【理芽×ヰ世界情緒】TWO-MAN LIVE Blu-ray「Singularity Live」,rim_isekaijyocho_bd_singularity,2026-08-30T05:28:39.845656+00:00,2026-08-30T05:28:39.845656+00:00,True,True,0,KTR-100-0073,KTR-100-0073
7740770320632,【理芽×ヰ世界情緒】「Singularity Live」Tシャツ／Singularity Live,理芽-ヰ世界情緒-singularity-live-tシャツ-singularity-live,2026-08-30T05:28:39.845660+00:00,2026-08-30T05:28:39.845660+00:00,True,True,0,"KTS-300-0074, KTS-300-0075, KTS-300-0076","KTS-300-0074, KTS-300-0075, KTS-300-0076"
7740767895800,【理芽×ヰ世界情緒】キービジュアルポスター／Singularity Live,理芽-ヰ世界情緒-キービジュアルポスター-singularity-live,2026-08-30T05:28:39.845664+00:00,2026-08-30T05:28:39.845664+00:00,True,True,0,KTS-300-0073,KTS-300-0073
7740420751608,【ヰ世界情緒】刺繍Tシャツ／ブラック／Singularity Live,ヰ世界情緒-刺繍tシャツ-ブラック-singularity-live,2026-08-30T05:28:39.845669+00:00,2026-08-30T05:28:39.845669+00:00,True,True,0,"ISE-300-0019, ISE-300-0020, ISE-300-0021","ISE-300-0019, ISE-300-0020, ISE-300-0021"
7740428321016,【ヰ世界情緒】刺繍Tシャツ／ホワイト／Singularity Live,ヰ世界情緒-刺繍tシャツ-ホワイト-singularity-live,2026-08-30T05:28:39.845673+00:00,2026-08-30T05:28:39.845673+00:00,True,True,0,"ISE-300-0022, ISE-300-0023, ISE-300-0024","ISE-300-0022, ISE-300-0023, ISE-300-0024"
7740447228152,【ヰ世界情緒】バックパック／Singularity Live,ヰ世界情緒-バックパック-singularity-live,2026-08-30T05:28:39.845678+00:00,2026-08-30T05:28:39.845678+00:00,True,True,0,ISE-300-0027,ISE-300-0027
7740462268664,【ヰ世界情緒】アクリルアートパネル／Singularity Live,ヰ世界情緒-アクリルアートパネル-singularity-live,2026-08-30T05:28:39.845682+00:00,2026-08-30T05:28:39.845682+00:00,True,True,0,ISE-300-0030,ISE-300-0030
7792262217976,【ヰ世界情緒】アクリルスタンド ネモフィラver.／ヰ世界情緒展,ヰ世界情緒-アクリルスタンド-ネモフィラ-ver-ヰ世界情緒展,2026-08-30T05:28:39.845686+00:00,2026-08-30T05:28:39.845686+00:00,True,True,0,ISE-300-0047,ISE-300-0047
7769050611960,【ヰ世界情緒】ミニクッション3／ヰ世界情緒展,ヰ世界情緒-ミニクッション3-ヰ世界情緒展,2026-08-30T05:28:39.845690+00:00,2026-08-30T05:28:39.845690+00:00,True,True,0,ISE-300-0038,ISE-300-0038
7769052479736,【ヰ世界情緒】ヰ世界情緒作品集「息吹」／ヰ世界情緒展,ヰ世界情緒-ヰ世界情緒作品集-ヰ世界情緒展,2026-08-30T05:28:39.845695+00:00,2026-08-30T05:28:39.845695+00:00,True,True,0,ISE-300-0045,ISE-300-0045
7769047040248,【ヰ世界情緒】ゴミダスフレークシール／ヰ世界情緒展,ヰ世界情緒-ゴミダスフレークシール-ヰ世界情緒展,2026-08-30T05:28:39.845699+00:00,2026-08-30T05:28:39.845699+00:00,True,True,0,ISE-300-0032,ISE-300-0032
7792262611192,【ヰ世界情緒】ヰ世界情緒展タペストリー／ヰ世界情緒展,ヰ世界情緒-ヰ世界情緒展タペストリー-ヰ世界情緒展,2026-08-30T05:28:39.845704+00:00,2026-08-30T05:28:39.845704+00:00,True,True,0,ISE-300-0049,ISE-300-0049
7792262447352,【ヰ世界情緒】ランダム缶バッジ2／ヰ世界情緒展,ヰ世界情緒-ランダム缶バッジ2-ヰ世界情緒展,2026-08-30T05:28:39.845708+00:00,2026-08-30T05:28:39.845708+00:00,True,True,0,ISE-300-0048,ISE-300-0048
7792251404536,【ヰ世界情緒】アートパネル／ヰ世界情緒展,ヰ世界情緒-アートパネル-ヰ世界情緒展,2026-08-30T05:28:39.845713+00:00,2026-08-30T05:28:39.845713+00:00,True,True,0,ISE-300-0040,ISE-300-0040
7769053430008,【ヰ世界情緒】クリエイター作品集「軌跡」／ヰ世界情緒展,ヰ世界情緒-クリエイター作品集-ヰ世界情緒展,2026-08-30T05:28:39.845717+00:00,2026-08-30T05:28:39.845717+00:00,True,True,0,ISE-300-0046,ISE-300-0046
7792248029432,【ヰ世界情緒】ポストカードセット／ヰ世界情緒展,ヰ世界情緒-ポストカードセット-ヰ世界情緒展,2026-08-30T05:28:39.845722+00:00,2026-08-30T05:28:39.845722+00:00,True,True,0,ISE-300-0039,ISE-300-0039
6993911611565,【ヰ世界情緒】somunia×ヰ世界情緒Tシャツ／WHITE／「COTD展」,ヰ世界情緒-somunia-ヰ世界情緒tシャツ-white-cotd展,2026-08-30T05:28:39.845726+00:00,2026-08-30T05:28:39.845726+00:00,True,True,0,35D-300-0053,35D-300-0053
6995273449645,【春猿火】【ヰ世界情緒】【ORESAMA】Ficty×KAMITSUBAKIクリアファイルセット／「COTD展」,春猿火-ヰ世界情緒-oresama-ficty-kamitsubakiクリアファイルセット-cotd展,2026-08-30T05:28:39.845730+00:00,2026-08-30T05:28:39.845730+00:00,True,True,0,35D-300-0068,35D-300-0068
7498227482872,KAMITSUBAKI x Monark Collaboration Album「Awake」,kamitsubaki220107,2026-08-30T05:28:39.845734+00:00,2026-08-30T05:28:39.845734+00:00,True,True,0,KTR-000-0033,KTR-000-0033
7740775760120,【理芽×ヰ世界情緒】ランダム缶バッジ／Singularity Live,理芽-ヰ世界情緒-キービジュアルポスター-singularity-live-1,2026-08-30T05:28:39.845739+00:00,2026-08-30T05:28:39.845739+00:00,True,True,0,KTS-300-0077,KTS-300-0077
7740430156024,【ヰ世界情緒】刺繍キャップ／Singularity Live,ヰ世界情緒-刺繍キャップ-singularity-live,2026-08-30T05:28:39.845743+00:00,2026-08-30T05:28:39.845743+00:00,True,True,0,ISE-300-0025,ISE-300-0025
7740434710776,【ヰ世界情緒】刺繍マルチポーチ／Singularity Live,ヰ世界情緒-刺繍マルチポーチ-singularity-live,2026-08-30T05:28:39.845748+00:00,2026-08-30T05:28:39.845748+00:00,True,True,0,ISE-300-0026,ISE-300-0026
7740455518456,【ヰ世界情緒】サーモタンブラー／Singularity Live,ヰ世界情緒-サーモタンブラー-singularity-live,2026-08-30T05:28:39.845753+00:00,2026-08-30T05:28:39.845753+00:00,True,True,0,ISE-300-0028,ISE-300-0028
7740457779448,【ヰ世界情緒】リール付きパスケース／Singularity Live,ヰ世界情緒-リール付きパスケース-singularity-live,2026-08-30T05:28:39.845757+00:00,2026-08-30T05:28:39.845757+00:00,True,True,0,ISE-300-0029,ISE-300-0029
7740766290168,【ヰ世界情緒】イラストクリアファイルセット／Singularity Live,ヰ世界情緒-イラストクリアファイルセット-singularity-live,2026-08-30T05:28:39.845761+00:00,2026-08-30T05:28:39.845761+00:00,True,True,0,ISE-300-0031,ISE-300-0031
6922669424813,【ヰ世界情緒】「Anima」ポスター／1st ONE-MAN LIVE「Anima」,ヰ世界情緒-anima-ポスター-1st-one-man-live-anima,2026-08-30T05:28:39.845765+00:00,2026-08-30T05:28:39.845765+00:00,True,True,0,ISE-300-0014,ISE-300-0014
6922666901677,【ヰ世界情緒】「Anima」ライブパンフレット／1st ONE-MAN LIVE「Anima」,ヰ世界情緒-anima-ライブパンフレット-1st-one-man-live-anima,2026-08-30T05:28:39.845770+00:00,2026-08-30T05:28:39.845770+00:00,True,True,0,ISE-300-0010,ISE-300-0010
6922666246317,【ヰ世界情緒】「isekaijoucho&amp;ANEMOS」エコバッグ／1st ONE-MAN LIVE「Anima」,ヰ世界情緒-isekaijoucho-anemos-エコバッグ-1st-one-man-live-anima,2026-08-30T05:28:39.845774+00:00,2026-08-30T05:28:39.845774+00:00,True,True,0,ISE-300-0007,ISE-300-0007
6922672603309,【ヰ世界情緒】ランダム缶バッジ／1st ONE-MAN LIVE「Anima」,ヰ世界情緒-ランダム缶バッジ-1st-one-man-live-anima,2026-08-30T05:28:39.845778+00:00,2026-08-30T05:28:39.845778+00:00,True,True,0,ISE-300-0013,ISE-300-0013
6922668114093,【ヰ世界情緒】ミニクッション2／1st ONE-MAN LIVE「Anima」,ヰ世界情緒-ミニクッション2-1st-one-man-live-anima,2026-08-30T05:28:39.845782+00:00,2026-08-30T05:28:39.845782+00:00,True,True,0,ISE-300-0009,ISE-300-0009
6922667491501,【ヰ世界情緒】ステッカーセット2／1st ONE-MAN LIVE「Anima」,ヰ世界情緒-ステッカーセット2-1st-one-man-live-anima,2026-08-30T05:28:39.845787+00:00,2026-08-30T05:28:39.845787+00:00,True,True,0,ISE-300-0008,ISE-300-0008
7025108025517,【ヰ世界情緒】「創生」スウェットトップス／1st Album「創生」,ヰ世界情緒-創生-バックプリントスウェットトップ-1st-album-創生,2026-08-30T05:28:39.845791+00:00,2026-08-30T05:28:39.845791+00:00,True,True,0,"ISE-300-0015, ISE-300-0016","ISE-300-0015, ISE-300-0016"
7476348682488,【ヰ世界情緒】アートパネル／神椿展,ヰ世界情緒-アートパネル-神椿展,2026-08-30T05:28:39.845795+00:00,2026-08-30T05:28:39.845795+00:00,True,True,0,ISE-300-0018,ISE-300-0018
6849439957165,【ヰ世界情緒】イラストトートバッグ／「キャンディライブ」,ヰ世界情緒-イラストトートバッグ-キャンディライブ,2026-08-30T05:28:39.845799+00:00,2026-08-30T05:28:39.845799+00:00,True,True,0,ISE-300-0001,ISE-300-0001
6849099497645,【ヰ世界情緒】ミニクッション／「魔女展」,ヰ世界情緒-ミニクッション-魔女展-1,2026-08-30T05:28:39.845803+00:00,2026-08-30T05:28:39.845803+00:00,True,True,0,35D-300-0061,35D-300-0061
7792260808952,【ヰ世界情緒】ジクレーアート ヰ世界情緒ver.／ヰ世界情緒展,ヰ世界情緒-ジクレーアート-ヰ世界情緒-ver-ヰ世界情緒展,2026-08-30T05:28:39.845808+00:00,2026-08-30T05:28:39.845808+00:00,True,True,0,ISE-300-0042,ISE-300-0042
7792261333240,【ヰ世界情緒】ジクレーアート れおえんver.／ヰ世界情緒展,ヰ世界情緒-ジクレーアート-ヰ世界情緒展,2026-08-30T05:28:39.845812+00:00,2026-08-30T05:28:39.845812+00:00,True,True,0,ISE-300-0043,ISE-300-0043
7792247243000,【ヰ世界情緒】リングショルダーバッグ／ヰ世界情緒展,ヰ世界情緒-リングショルダーバッグ-ヰ世界情緒展,2026-08-30T05:28:39.845816+00:00,2026-08-30T05:28:39.845816+00:00,True,True,0,ISE-300-0037,ISE-300-0037
8656863002872,【ヰ世界情緒】アクリルフォトプロップス／SINKA LIVE SERIES EP.Ⅰ ヰ世界情緒 2nd ONE-MAN LIVE「Anima Ⅱ」Blu-ray & 3rd ONE-MAN LIVE「Anima Ⅲ」第二弾,ise-300-0159,2026-08-30T05:28:39.845820+00:00,2026-08-30T05:28:39.845820+00:00,True,True,0,ISE-300-0159,ISE-300-0159
8768076415224,【春猿火×ヰ世界情緒】「CALL」額装アート／KAMITSUBAKI RADIO CLUB VIRTUAL MINI LIVE,kts-300-0325,2026-08-30T05:28:39.845825+00:00,2026-08-30T05:28:39.845825+00:00,True,True,0,KTS-300-0325,KTS-300-0325
8768145883384,【春猿火×ヰ世界情緒】神椿報奏部キーホルダーセット／KAMITSUBAKI RADIO CLUB VIRTUAL MINI LIVE,kts-300-0328,2026-08-30T05:28:39.845829+00:00,2026-08-30T05:28:39.845829+00:00,True,True,0,KTS-300-0328,KTS-300-0328
9062996574456,【ヰ世界情緒】チケット風キーホルダー／THINKR XR CLASSICS presents KAMITSUBAKI FILM CONCERT「神椿演奏会／想像」,ise-300-0220,2026-08-30T05:28:39.845834+00:00,2026-08-30T05:28:39.845834+00:00,True,True,0,ISE-300-0220,ISE-300-0220
8853129396472,【ヰ世界情緒】AVIOT×ヰ世界情緒 ボイス入りワイヤレスイヤホン（特典ステッカー入り）／Virtual mini live「Collection Bouquet」& 5th Anniversary & 3rd ONE-MAN LIVE「Anima Ⅲ」Blu-ray,ise-300-0175,2026-08-30T05:28:39.845838+00:00,2026-08-30T05:28:39.845838+00:00,True,True,0,ISE-300-0175,ISE-300-0175
8855812079864,【ヰ世界情緒】万年筆＆インクセット（特典ポストカード付き）／Virtual mini live「Collection Bouquet」& 5th Anniversary & 3rd ONE-MAN LIVE「Anima Ⅲ」Blu-ray,ise-300-0179,2026-08-30T05:28:39.845842+00:00,2026-08-30T05:28:39.845842+00:00,True,True,0,ISE-300-0179,ISE-300-0179
9167819866360,【春猿火×ヰ世界情緒】ランダムミニ色紙／Singularity Live Vol.4,kts-300-0501,2026-08-30T05:28:39.845847+00:00,2026-08-30T05:28:39.845847+00:00,True,True,0,KTS-300-0501,KTS-300-0501
8497749360888,【ヰ世界情緒】ビッグシルエットステッチTシャツ／3rd ONE-MAN LIVE「Anima Ⅲ」,ise-300-0135,2026-08-30T05:28:39.845851+00:00,2026-08-30T05:28:39.845851+00:00,True,True,0,"ISE-300-0135, ISE-300-0136","ISE-300-0135, ISE-300-0136"
8498059772152,【ヰ世界情緒】「Anima Ⅲ」グラフィックTシャツ／3rd ONE-MAN LIVE「Anima Ⅲ」,ise-300-0137,2026-08-30T05:28:39.845856+00:00,2026-08-30T05:28:39.845856+00:00,True,True,0,"ISE-300-0137, ISE-300-0138, ISE-300-0139","ISE-300-0137, ISE-300-0138, ISE-300-0139"
9225892790520,【ヰ世界情緒】サンフラワー衣装バングル／STREAMING COVER LIVE「キャンディライブ3」GOODS＆CD,ise-300-0236,2026-08-30T05:28:39.845860+00:00,2026-08-30T05:28:39.845860+00:00,True,True,0,"ISE-300-0236, ISE-300-0243","ISE-300-0236, ISE-300-0243"
9225893642488,【ヰ世界情緒】ミラーコートアクリル額装アート／STREAMING COVER LIVE「キャンディライブ3」GOODS＆CD,ise-300-0237,2026-08-30T05:28:39.845864+00:00,2026-08-30T05:28:39.845864+00:00,True,True,0,ISE-300-0237,ISE-300-0237
9225894035704,【ヰ世界情緒】グリッターアクリルブロック／STREAMING COVER LIVE「キャンディライブ3」GOODS＆CD,ise-300-0238,2026-08-30T05:28:39.845869+00:00,2026-08-30T05:28:39.845869+00:00,True,True,0,ISE-300-0238,ISE-300-0238
9225894428920,【ヰ世界情緒】ミニクッション4／STREAMING COVER LIVE「キャンディライブ3」GOODS＆CD,ise-300-0239,2026-08-30T05:28:39.845873+00:00,2026-08-30T05:28:39.845873+00:00,True,True,0,ISE-300-0239,ISE-300-0239
9225895969016,【ヰ世界情緒】キャンディ風キーホルダー／STREAMING COVER LIVE「キャンディライブ3」GOODS＆CD,ise-300-0240,2026-08-30T05:28:39.845877+00:00,2026-08-30T05:28:39.845877+00:00,True,True,0,ISE-300-0240,ISE-300-0240
9225898426616,【ヰ世界情緒】オリジナル金平糖／STREAMING COVER LIVE「キャンディライブ3」GOODS＆CD,ise-300-0241,2026-08-30T05:28:39.845881+00:00,2026-08-30T05:28:39.845881+00:00,True,True,0,ISE-300-0241,ISE-300-0241
9225899835640,【ヰ世界情緒】KVタペストリー／STREAMING COVER LIVE「キャンディライブ3」GOODS＆CD,ise-300-0242,2026-08-30T05:28:39.845886+00:00,2026-08-30T05:28:39.845886+00:00,True,True,0,ISE-300-0242,ISE-300-0242
8657115349240,【ヰ世界情緒】ネックレス ネモフィラ ver.／SINKA LIVE SERIES EP.Ⅰ ヰ世界情緒 2nd ONE-MAN LIVE「Anima Ⅱ」Blu-ray & 3rd ONE-MAN LIVE「Anima Ⅲ」第二弾,ise-300-0164,2026-08-30T05:28:39.845890+00:00,2026-08-30T05:28:39.845890+00:00,True,True,0,ISE-300-0164,ISE-300-0164
8656532635896,【ヰ世界情緒】サーモペットボトルクーラー／SINKA LIVE SERIES EP.Ⅰ ヰ世界情緒 2nd ONE-MAN LIVE「Anima Ⅱ」Blu-ray & 3rd ONE-MAN LIVE「Anima Ⅲ」第二弾,ise-300-154,2026-08-30T05:28:39.845895+00:00,2026-08-30T05:28:39.845895+00:00,True,True,0,ISE-300-0154,ISE-300-0154
8657103290616,【ヰ世界情緒】オルゴール（かたちなきもの）／SINKA LIVE SERIES EP.Ⅰ ヰ世界情緒 2nd ONE-MAN LIVE「Anima Ⅱ」Blu-ray & 3rd ONE-MAN LIVE「Anima Ⅲ」第二弾,ise-300-0163,2026-08-30T05:28:39.845899+00:00,2026-08-30T05:28:39.845899+00:00,True,True,0,ISE-300-0163,ISE-300-0163
9268942930168,【春猿火×ヰ世界情緒】オルゴール（CALL）／TWO-MAN LIVE「Singularity Live Vol.4」OFFICIAL GOODS 第二弾＆ Blu-ray,kts-300-0561,2026-08-30T05:28:39.845903+00:00,2026-08-30T05:28:39.845903+00:00,True,True,0,KTS-300-0561,KTS-300-0561
9268941291768,【春猿火×ヰ世界情緒】ホログラム額装アート／TWO-MAN LIVE「Singularity Live Vol.4」OFFICIAL GOODS 第二弾＆ Blu-ray,kts-300-0559,2026-08-30T05:28:39.845907+00:00,2026-08-30T05:28:39.845907+00:00,True,True,0,KTS-300-0559,KTS-300-0559
9268948009208,【春猿火×ヰ世界情緒】ビーズチャーム Produced by ヰ世界情緒／TWO-MAN LIVE「Singularity Live Vol.4」OFFICIAL GOODS 第二弾＆ Blu-ray,kts-300-0589,2026-08-30T05:28:39.845912+00:00,2026-08-30T05:28:39.845912+00:00,True,True,0,KTS-300-0589,KTS-300-0589
9268940275960,【春猿火×ヰ世界情緒】ミニクッションキーホルダー ヰ世界情緒／TWO-MAN LIVE「Singularity Live Vol.4」OFFICIAL GOODS 第二弾＆ Blu-ray,kts-300-0558,2026-08-30T05:28:39.845916+00:00,2026-08-30T05:28:39.845916+00:00,True,True,0,KTS-300-0558,KTS-300-0558
9266527207672,【ヰ世界情緒】FMS限定 B2タペストリー／THINKR XR CLASSICS presents KAMITSUBAKI FILM CONCERT「神椿演奏会／想像」2026 WINTER,ise-300-0250,2026-08-30T05:28:39.845921+00:00,2026-08-30T05:28:39.845921+00:00,True,True,0,ISE-300-0250,ISE-300-0250
8855797334264,【ヰ世界情緒】5th ANNIVERSARY ART（シリアルナンバー入り）／Virtual mini live「Collection Bouquet」& 5th Anniversary & 3rd ONE-MAN LIVE「Anima Ⅲ」Blu-ray,ise-300-0176,2026-08-30T05:28:39.845925+00:00,2026-08-30T05:28:39.845925+00:00,True,True,0,ISE-300-0176,ISE-300-0176
8999676182776,【ヰ世界情緒】ランダムアクリルキーホルダー ヰ世界情緒展Ⅱ ver.／ヰ世界情緒展Ⅱ,ise-300-0196,2026-08-30T05:28:39.845929+00:00,2026-08-30T05:28:39.845929+00:00,True,True,0,ISE-300-0196,ISE-300-0196
9168717873400,【ヰ世界情緒】フーディー ヰ世界情緒／KAMITSUBAKI FES ’25 OUR ONE-DAY WAR,ise-300-0230,2026-08-30T05:28:39.845933+00:00,2026-08-30T05:28:39.845933+00:00,True,True,0,"ISE-300-0230, ISE-300-0231, ISE-300-0232","ISE-300-0230, ISE-300-0231, ISE-300-0232"
8999619035384,【ヰ世界情緒】砂時計&オリジナルハーブティー セット／ヰ世界情緒展Ⅱ,ise-300-0187,2026-08-30T05:28:39.845938+00:00,2026-08-30T05:28:39.845938+00:00,True,True,0,ISE-300-0187,ISE-300-0187
9317242667256,【ヰ世界情緒】オリジナルジャガードマフラー／ヰ世界情緒 6th Anniversary OFFICIAL GOODS,ise-300-0251,2026-08-30T05:28:39.845942+00:00,2026-08-30T05:28:39.845942+00:00,True,True,0,ISE-300-0251,ISE-300-0251
9317240537336,【ヰ世界情緒】イヤーマフ／ヰ世界情緒 6th Anniversary OFFICIAL GOODS,ise-300-0252,2026-08-30T05:28:39.845946+00:00,2026-08-30T05:28:39.845946+00:00,True,True,0,ISE-300-0252,ISE-300-0252
9317239030008,【ヰ世界情緒】マフラーイヤーマフセット／ヰ世界情緒 6th Anniversary OFFICIAL GOODS,ise-300-0253,2026-08-30T05:28:39.845950+00:00,2026-08-30T05:28:39.845950+00:00,True,True,0,ISE-300-0253,ISE-300-0253
9317236605176,【ヰ世界情緒】6th ANNIVERSARY ART（シリアルナンバー入り）／ヰ世界情緒 6th Anniversary OFFICIAL GOODS,ise-300-0254,2026-08-30T05:28:39.845955+00:00,2026-08-30T05:28:39.845955+00:00,True,True,0,ISE-300-0254,ISE-300-0254
9317234442488,【ヰ世界情緒】ロゼット缶バッジセット／ヰ世界情緒 6th Anniversary OFFICIAL GOODS,ise-300-0255,2026-08-30T05:28:39.845959+00:00,2026-08-30T05:28:39.845959+00:00,True,True,0,ISE-300-0255,ISE-300-0255
9317230182648,【ヰ世界情緒】ジグソーパズル／ヰ世界情緒 6th Anniversary OFFICIAL GOODS,ise-300-0256,2026-08-30T05:28:39.845963+00:00,2026-08-30T05:28:39.845963+00:00,True,True,0,ISE-300-0256,ISE-300-0256
9317218746616,【ヰ世界情緒】卓上カレンダー／ヰ世界情緒 6th Anniversary OFFICIAL GOODS,ise-300-0257,2026-08-30T05:28:39.845968+00:00,2026-08-30T05:28:39.845968+00:00,True,True,0,ISE-300-0257,ISE-300-0257
9317209374968,【ヰ世界情緒】アクリルマグネットセット／ヰ世界情緒 6th Anniversary OFFICIAL GOODS,ise-300-0258,2026-08-30T05:28:39.845972+00:00,2026-08-30T05:28:39.845972+00:00,True,True,0,ISE-300-0258,ISE-300-0258
8999611367672,【ヰ世界情緒】ゴミダスぬいぐるみ／ヰ世界情緒 6th Anniversary OFFICIAL GOODS,ise-300-0185,2026-08-30T05:28:39.845976+00:00,2026-08-30T05:28:39.845976+00:00,True,True,0,ISE-300-0185,ISE-300-0185
8999615430904,【ヰ世界情緒】ゴミダスポーチ／ヰ世界情緒 6th Anniversary OFFICIAL GOODS,ise-300-0186,2026-08-30T05:28:39.845981+00:00,2026-08-30T05:28:39.845981+00:00,True,True,0,ISE-300-0186,ISE-300-0186
9176036475128,【ヰ世界情緒】アクリルキーホルダー ヰ世界情緒／コミックマーケット106出展記念グッズ,ise-300-0229,2026-08-30T05:28:39.845985+00:00,2026-08-30T05:28:39.845985+00:00,True,True,0,ISE-300-0229,ISE-300-0229
9392521642232,【ヰ世界情緒】リバーシブルタオル／2DAYS LIVE DAY1「Flower Closet」 DAY2「Anima Re:birth」OFFICIAL GOODS,ise-300-0263,2026-08-30T05:28:39.845990+00:00,2026-08-30T05:28:39.845990+00:00,True,True,0,ISE-300-0263,ISE-300-0263
9392544186616,【ヰ世界情緒】ランダム衣装メタルチャーム／2DAYS LIVE DAY1「Flower Closet」 DAY2「Anima Re:birth」OFFICIAL GOODS,ise-300-0270,2026-08-30T05:28:39.845994+00:00,2026-08-30T05:28:39.845994+00:00,True,True,0,ISE-300-0270,ISE-300-0270
9392550707448,【ヰ世界情緒】FMS限定 衣装メタルチャーム コンプリートセット ＊一会計につき一セットまで／2DAYS LIVE DAY1「Flower Closet」 DAY2「Anima Re:birth」OFFICIAL GOODS,ise-300-0271,2026-08-30T05:28:39.845998+00:00,2026-08-30T05:28:39.845998+00:00,True,True,0,ISE-300-0271,ISE-300-0271
9393066344696,【ヰ世界情緒】MARGARET PARA SOL／2DAYS LIVE DAY1「Flower Closet」 DAY2「Anima Re:birth」OFFICIAL GOODS,ise-300-0274,2026-08-30T05:28:39.846003+00:00,2026-08-30T05:28:39.846003+00:00,True,True,0,ISE-300-0274,ISE-300-0274
9393066967288,【ヰ世界情緒】MARGARET LUNA LIGHT／2DAYS LIVE DAY1「Flower Closet」 DAY2「Anima Re:birth」OFFICIAL GOODS,ise-300-0275,2026-08-30T05:28:39.846007+00:00,2026-08-30T05:28:39.846007+00:00,True,True,0,ISE-300-0275,ISE-300-0275
9393068474616,【ヰ世界情緒】アクリルスタンド「Flower Closet」ver.／2DAYS LIVE DAY1「Flower Closet」 DAY2「Anima Re:birth」OFFICIAL GOODS,ise-300-0278,2026-08-30T05:28:39.846011+00:00,2026-08-30T05:28:39.846011+00:00,True,True,0,ISE-300-0278,ISE-300-0278
8889476022520,【ヰ世界情緒】アクリルネームキーホルダー ヰ世界情緒／コミックマーケット105出展記念グッズ,ise-300-0174,2026-08-30T05:28:39.846016+00:00,2026-08-30T05:28:39.846016+00:00,True,True,0,ISE-300-0174,ISE-300-0174
9097382723832,【ヰ世界情緒】KAMITSUBAKI XP ビックアクリルスタンド ヰ世界情緒／KAMITSUBAKI WARS 2025 神椿後楽園戦線 KAMITSUBAKI XPERIENCE,ise-300-0223,2026-08-30T05:28:39.846020+00:00,2026-08-30T05:28:39.846020+00:00,True,True,0,ISE-300-0223,ISE-300-0223
8768148668664,【春猿火×ヰ世界情緒】ランダムスクエア缶バッジ（全12種）／KAMITSUBAKI RADIO CLUB VIRTUAL MINI LIVE,kts-300-0329,2026-08-30T05:28:39.846025+00:00,2026-08-30T05:28:39.846025+00:00,True,True,0,KTS-300-0329,KTS-300-0329
9428069056760,【ヰ世界情緒】Gaming KEYBOARD／Virtual Ties 〜ヰ世界情緒夢想曲〜 OFFICIAL GOODS,ise-300-0280,2026-08-30T05:28:39.846029+00:00,2026-08-30T05:28:39.846029+00:00,True,True,0,ISE-300-0280,ISE-300-0280
9439017140472,【ヰ世界情緒】「Virtual Ties〜ヰ世界情緒夢想曲〜」Gaming CHAIR／Virtual Ties 〜ヰ世界情緒夢想曲〜 OFFICIAL GOODS,ise-300-0281,2026-08-30T05:28:39.846034+00:00,2026-08-30T05:28:39.846034+00:00,True,True,0,ISE-300-0281,ISE-300-0281
9439033819384,【ヰ世界情緒】「Virtual Ties〜ヰ世界情緒夢想曲〜」デスクマット／Virtual Ties 〜ヰ世界情緒夢想曲〜 OFFICIAL GOODS,ise-300-0282,2026-08-30T05:28:39.846038+00:00,2026-08-30T05:28:39.846038+00:00,True,True,0,ISE-300-0282,ISE-300-0282
9439038669048,【ヰ世界情緒】アクリルスタンド Virtual Ties ver.／Virtual Ties 〜ヰ世界情緒夢想曲〜 OFFICIAL GOODS,ise-300-0283,2026-08-30T05:28:39.846042+00:00,2026-08-30T05:28:39.846042+00:00,True,True,0,ISE-300-0283,ISE-300-0283
9439043682552,【ヰ世界情緒】アートキャンバス Virtual Ties ver.／Virtual Ties 〜ヰ世界情緒夢想曲〜 OFFICIAL GOODS,ise-300-0284,2026-08-30T05:28:39.846046+00:00,2026-08-30T05:28:39.846046+00:00,True,True,0,ISE-300-0284,ISE-300-0284
9439049023736,【ヰ世界情緒】「Virtual Ties〜ヰ世界情緒夢想曲〜」練習着パーカー／Virtual Ties 〜ヰ世界情緒夢想曲〜 OFFICIAL GOODS,ise-300-0285,2026-08-30T05:28:39.846051+00:00,2026-08-30T05:28:39.846051+00:00,True,True,0,ISE-300-0285,ISE-300-0285
9439056888056,【ヰ世界情緒】ステッカーセット／Virtual Ties 〜ヰ世界情緒夢想曲〜 OFFICIAL GOODS,ise-300-0286,2026-08-30T05:28:39.846055+00:00,2026-08-30T05:28:39.846055+00:00,True,True,0,ISE-300-0286,ISE-300-0286
9059814572280,【春猿火×ヰ世界情緒】プリクラ風ステッカーA／神椿報奏部 Pleasure Box & OFFICIAL GOODS,kts-300-0433,2026-08-30T05:28:39.846060+00:00,2026-08-30T05:28:39.846060+00:00,True,True,0,KTS-300-0433,KTS-300-0433
9059815391480,【春猿火×ヰ世界情緒】プリクラ風ステッカーB／神椿報奏部 Pleasure Box & OFFICIAL GOODS,kts-300-0434,2026-08-30T05:28:39.846064+00:00,2026-08-30T05:28:39.846064+00:00,True,True,0,KTS-300-0434,KTS-300-0434
9101813219576,【ヰ世界情緒】Baseball Shirt – Team ISEKAIJYOUCHO／KAMITSUBAKI WARS 2025 神椿後楽園戦線 KAMITSUBAKI XPERIENCE,ise-300-0224,2026-08-30T05:28:39.846069+00:00,2026-08-30T05:28:39.846069+00:00,True,True,0,"ISE-300-0224, ISE-300-0225","ISE-300-0224, ISE-300-0225"
9393066115320,【ヰ世界情緒】ミラーキーホルダー／2DAYS LIVE DAY1「Flower Closet」 DAY2「Anima Re:birth」OFFICIAL GOODS,ise-300-0273,2026-08-30T05:28:39.846073+00:00,2026-08-30T05:28:39.846073+00:00,True,True,0,ISE-300-0273,ISE-300-0273
9062951649528,【ヰ世界情緒】アクリルスタンド／THINKR XR CLASSICS presents KAMITSUBAKI FILM CONCERT「神椿演奏会／想像」,ise-300-0219,2026-08-30T05:28:39.846078+00:00,2026-08-30T05:28:39.846078+00:00,True,True,0,ISE-300-0219,ISE-300-0219
8889427591416,【ヰ世界情緒】フチ染アクリルスタンド ヰ世界情緒／コミックマーケット105出展記念グッズ,ise-300-0173,2026-08-30T05:28:39.846082+00:00,2026-08-30T05:28:39.846082+00:00,True,True,0,ISE-300-0173,ISE-300-0173
8999566639352,【ヰ世界情緒】リードディフューザー produced by ISEKAIJOUCHO／ヰ世界情緒展Ⅱ,ise-300-0209,2026-08-30T05:28:39.846087+00:00,2026-08-30T05:28:39.846087+00:00,True,True,0,ISE-300-0209,ISE-300-0209
8501215363320,【ヰ世界情緒】レザーブレスレット アネモネ ver.／3rd ONE-MAN LIVE「Anima Ⅲ」,ise-300-0145,2026-08-30T05:28:39.846091+00:00,2026-08-30T05:28:39.846091+00:00,True,True,0,ISE-300-0145,ISE-300-0145
9483839602936,【ヰ世界情緒】ベレー帽＆ピンバッジセット／2DAYS LIVE DAY1「Flower Closet」DAY2「Anima Re:birth」OFFICIAL LIVE GOODS 第2弾,ise-300-0312,2026-08-30T05:28:39.846096+00:00,2026-08-30T05:28:39.846096+00:00,True,True,0,ISE-300-0312,ISE-300-0312
9483840192760,【ヰ世界情緒】ミニぬいセット A／2DAYS LIVE DAY1「Flower Closet」DAY2「Anima Re:birth」OFFICIAL LIVE GOODS 第2弾,ise-300-0313,2026-08-30T05:28:39.846100+00:00,2026-08-30T05:28:39.846100+00:00,True,True,0,ISE-300-0313,ISE-300-0313
9483840946424,【ヰ世界情緒】ミニぬいセット B／2DAYS LIVE DAY1「Flower Closet」DAY2「Anima Re:birth」OFFICIAL LIVE GOODS 第2弾,ise-300-0314,2026-08-30T05:28:39.846105+00:00,2026-08-30T05:28:39.846105+00:00,True,True,0,ISE-300-0314,ISE-300-0314
9483841208568,【ヰ世界情緒】ISEKAIJOUCHO COSTUME BOOK／2DAYS LIVE DAY1「Flower Closet」DAY2「Anima Re:birth」OFFICIAL LIVE GOODS 第2弾,ise-300-0315,2026-08-30T05:28:39.846109+00:00,2026-08-30T05:28:39.846109+00:00,True,True,0,ISE-300-0315,ISE-300-0315
9515206967544,【KAMITSUBAKI STUDIO】FMS限定 FES応援セット ヰ世界情緒 ver.／KAMITSUBAKI FES '26 FIELD OF RESONANCE OFFICIAL GOODS,kts-300-0689,2026-08-30T05:28:39.846114+00:00,2026-08-30T05:28:39.846114+00:00,True,True,0,"KTS-300-0689, KTS-300-0690, KTS-300-0691","KTS-300-0689, KTS-300-0690, KTS-300-0691"
8768063439096,【春猿火×ヰ世界情緒】H&I Engagement Ring by HARUI（メッセージカード入り）／KAMITSUBAKI RADIO CLUB VIRTUAL MINI LIVE,kts-300-0324,2026-08-30T05:28:39.846118+00:00,2026-08-30T05:28:39.846118+00:00,True,True,0,KTS-300-0324,KTS-300-0324
8855821189368,【ヰ世界情緒】「Collection Bouquet」アクリルフォトスタンド／Virtual mini live「Collection Bouquet」& 5th Anniversary & 3rd ONE-MAN LIVE「Anima Ⅲ」Blu-ray,ise-300-0180,2026-08-30T05:28:39.846123+00:00,2026-08-30T05:28:39.846123+00:00,True,True,0,ISE-300-0180,ISE-300-0180
9062998966520,【ヰ世界情緒】缶ケース＆缶バッジセット／THINKR XR CLASSICS presents KAMITSUBAKI FILM CONCERT「神椿演奏会／想像」,ise-300-0221,2026-08-30T05:28:39.846128+00:00,2026-08-30T05:28:39.846128+00:00,True,True,0,ISE-300-0221,ISE-300-0221
8855809425656,【ヰ世界情緒】ミニチュアコスチュームマスコット サンフラワー ver.／Virtual mini live「Collection Bouquet」& 5th Anniversary & 3rd ONE-MAN LIVE「Anima Ⅲ」Blu-ray,ise-300-0178,2026-08-30T05:28:39.846132+00:00,2026-08-30T05:28:39.846132+00:00,True,True,0,ISE-300-0178,ISE-300-0178
8855803855096,【ヰ世界情緒】ミニチュアコスチュームマスコット ネモフィラ ver.／Virtual mini live「Collection Bouquet」& 5th Anniversary & 3rd ONE-MAN LIVE「Anima Ⅲ」Blu-ray,ise-300-0177,2026-08-30T05:28:39.846136+00:00,2026-08-30T05:28:39.846136+00:00,True,True,0,ISE-300-0177,ISE-300-0177
9167777071352,【春猿火×ヰ世界情緒】ペアバングルセット／Singularity Live Vol.4,kts-300-0490,2026-08-30T05:28:39.846140+00:00,2026-08-30T05:28:39.846140+00:00,True,True,0,KTS-300-0490,KTS-300-0490
8768137396472,【春猿火×ヰ世界情緒】神椿報奏部スタジオ アクリルジオラマ／KAMITSUBAKI RADIO CLUB VIRTUAL MINI LIVE,kts-300-0326,2026-08-30T05:28:39.846145+00:00,2026-08-30T05:28:39.846145+00:00,True,True,0,KTS-300-0326,KTS-300-0326
9098198843640,【ヰ世界情緒】チケット風アクリルキーホルダー ヰ世界情緒／KAMITSUBAKI WARS 2025 神椿後楽園戦線 KAMITSUBAKI XPERIENCE,ise-300-0215,2026-08-30T05:28:39.846149+00:00,2026-08-30T05:28:39.846149+00:00,True,True,0,ISE-300-0215,ISE-300-0215
9276945891576,【ヰ世界情緒】アーティストネームアクリルブロック ヰ世界情緒／KAMITSUBAKI FES ’25 OUR ONE-DAY WAR 第二弾,ise-300-0235,2026-08-30T05:28:39.846153+00:00,2026-08-30T05:28:39.846153+00:00,True,True,0,ISE-300-0235,ISE-300-0235
9175995842808,【ヰ世界情緒】BIGアクリルスタンド ヰ世界情緒／コミックマーケット106出展記念グッズ,ise-300-0228,2026-08-30T05:28:39.846158+00:00,2026-08-30T05:28:39.846158+00:00,True,True,0,ISE-300-0228,ISE-300-0228
9266509086968,【ヰ世界情緒】2連ワイヤーアクリルキーホルダー／THINKR XR CLASSICS presents KAMITSUBAKI FILM CONCERT「神椿演奏会／想像」2026 WINTER,ise-300-0249,2026-08-30T05:28:39.846162+00:00,2026-08-30T05:28:39.846162+00:00,True,True,0,ISE-300-0249,ISE-300-0249
8889378570488,【ヰ世界情緒】衣装メタルチャーム ヰ世界情緒／コミックマーケット105出展記念グッズ,ise-300-0172,2026-08-30T05:28:39.846167+00:00,2026-08-30T05:28:39.846167+00:00,True,True,0,ISE-300-0172,ISE-300-0172
8660187545848,【ヰ世界情緒】「Anima Ⅱ -神椿市参番街-」Blu-ray／SINKA LIVE SERIES EP.Ⅰ ヰ世界情緒 2nd ONE-MAN LIVE「Anima Ⅱ」Blu-ray & 3rd ONE-MAN LIVE「Anima Ⅲ」第二弾,ktr-100-0168,2026-08-30T05:28:39.846171+00:00,2026-08-30T05:28:39.846171+00:00,True,True,0,KTR-100-0168,KTR-100-0168
7025070964909,【ヰ世界情緒】1st Album「創生α」,ヰ世界情緒-1st-album-創生α,2026-08-30T05:28:39.846176+00:00,2026-08-30T05:28:39.846176+00:00,True,True,0,KTR-000-0034,KTR-000-0034
6922670997677,【ヰ世界情緒】アクリルスタンド ジオラマドラマver.／2DAYS LIVE DAY1「Flower Closet」 DAY2「Anima Re:birth」OFFICIAL GOODS,ise-300-0011,2026-08-30T05:28:39.846180+00:00,2026-08-30T05:28:39.846180+00:00,True,True,0,ISE-300-0011,ISE-300-0011
6922671784109,【ヰ世界情緒】アクリルスタンド 蜜月アン・ドゥ・トロワ ver.／2DAYS LIVE DAY1「Flower Closet」 DAY2「Anima Re:birth」OFFICIAL GOODS,ise-300-0012,2026-08-30T05:28:39.846185+00:00,2026-08-30T05:28:39.846185+00:00,True,True,0,ISE-300-0012,ISE-300-0012
8999657963768,【ヰ世界情緒】キャンバストートバッグ／ヰ世界情緒展Ⅱ,ise-300-0192,2026-08-30T05:28:39.846189+00:00,2026-08-30T05:28:39.846189+00:00,True,True,0,ISE-300-0192,ISE-300-0192
9265896653048,【ヰ世界情緒】「Virtual Ties 〜ヰ世界情緒夢想曲〜」（FMS限定版・switch）／Virtual Ties 〜ヰ世界情緒夢想曲〜,ise-300-0246,2026-08-30T05:28:39.846193+00:00,2026-08-30T05:28:39.846193+00:00,True,True,0,SET-ISE-VIRTUAL-TIES-SWITCH,SET-ISE-VIRTUAL-TIES-SWITCH
8999644856568,【ヰ世界情緒】カーディガン／ヰ世界情緒展Ⅱ,ise-300-0190,2026-08-30T05:28:39.846198+00:00,2026-08-30T05:28:39.846198+00:00,True,True,0,"ISE-300-0190, ISE-300-0191","ISE-300-0190, ISE-300-0191"
9392533602552,【ヰ世界情緒】モチーフ刺繍シャツ／2DAYS LIVE DAY1「Flower Closet」 DAY2「Anima Re:birth」OFFICIAL GOODS,ise-300-0267,2026-08-30T05:28:39.846202+00:00,2026-08-30T05:28:39.846202+00:00,True,True,0,"ISE-300-0267, ISE-300-0268, ISE-300-0269","ISE-300-0267, ISE-300-0268, ISE-300-0269"
9265896849656,【ヰ世界情緒】「Virtual Ties 〜ヰ世界情緒夢想曲〜」（FMS限定版・steam）／Virtual Ties 〜ヰ世界情緒夢想曲〜,ise-300-0247,2026-08-30T05:28:39.846206+00:00,2026-08-30T05:28:39.846206+00:00,True,True,0,SET-ISE-VIRTUAL-TIES-STEAM,SET-ISE-VIRTUAL-TIES-STEAM
