handle,title,price,available,tags,url,image
ise-200-0170,【ヰ世界情緒】「Anima」デジタルライブパンフレット,2300,True,"fy-18, ヰ世界情緒",https://findmestore.thinkr.jp/products/ise-200-0170,https://cdn.shopify.com/s/files/1/0551/7692/1261/products/Anima_cf28fa76-6b5b-418d-be22-4fdcaab81276.jpg?v=1630744688
ise-300-0003,【ヰ世界情緒】「isekaijoucho&ANEMOS」パーカー／BLACK／2DAYS LIVE DAY1「Flower Closet」 DAY2「Anima Re:birth」OFFICIAL GOODS,8800,True,"fy-20, ヰ世界情緒",https://findmestore.thinkr.jp/products/ise-300-0003,https://cdn.shopify.com/s/files/1/0551/7692/1261/products/ANEMOS_isekaijoucho_BLACK01.jpg?v=1630734071
ise-300-0005,【ヰ世界情緒】「isekaijoucho&ANEMOS」パーカー／WHITE／2DAYS LIVE DAY1「Flower Closet」 DAY2「Anima Re:birth」OFFICIAL GOODS,8800,True,"fy-20, ヰ世界情緒",https://findmestore.thinkr.jp/products/ise-300-0005,https://cdn.shopify.com/s/files/1/0551/7692/1261/products/ANEMOS_isekaijoucho_WHITE01.jpg?v=1630733445
ise-300-0011,【ヰ世界情緒】アクリルスタンド ジオラマドラマver.／2DAYS LIVE DAY1「Flower Closet」 DAY2「Anima Re:birth」OFFICIAL GOODS,2750,False,"fy-20, ヰ世界情緒",https://findmestore.thinkr.jp/products/ise-300-0011,https://cdn.shopify.com/s/files/1/0551/7692/1261/products/ver._7094c8a3-ed06-4dd8-9952-05b3f3dbb338.jpg?v=1630742919
ise-300-0012,【ヰ世界情緒】アクリルスタンド 蜜月アン・ドゥ・トロワ ver.／2DAYS LIVE DAY1「Flower Closet」 DAY2「Anima Re:birth」OFFICIAL GOODS,2750,False,"fy-20, ヰ世界情緒",https://findmestore.thinkr.jp/products/ise-300-0012,https://cdn.shopify.com/s/files/1/0551/7692/1261/products/ver._0e903ddc-0aa0-4da5-ab5d-41da63ea76bd.jpg?v=1630743286
ise-300-0059,【ヰ世界情緒】シンギュラリティーのひ ヰ世界情緒 Tシャツ／KAMITSUBAKI FES 2023,5500,False,"fy-17, ヰ世界情緒",https://findmestore.thinkr.jp/products/ise-300-0059,https://cdn.shopify.com/s/files/1/0551/7692/1261/products/SK_7175ok.jpg?v=1679705714
ise-300-0065,【ヰ世界情緒】フルグラフィックTシャツ／Virtual mini live「parallel canvas」,6900,False,"fy-17, ヰ世界情緒",https://findmestore.thinkr.jp/products/ise-300-0065,https://cdn.shopify.com/s/files/1/0551/7692/1261/products/isekai_omote_8400ok.jpg?v=1681460734
ise-300-0066,【ヰ世界情緒】マフラータオル／Virtual mini live「parallel canvas」,3600,False,"fy-17, ヰ世界情緒",https://findmestore.thinkr.jp/products/ise-300-0066,https://cdn.shopify.com/s/files/1/0551/7692/1261/products/mufflertowel_3b0dbe8c-fd9f-4ee4-be33-adbaa2944eae.jpg?v=1680163522
ise-300-0067,【ヰ世界情緒】タペストリー／Virtual mini live「parallel canvas」,3900,False,"fy-17, ヰ世界情緒",https://findmestore.thinkr.jp/products/ise-300-0067,https://cdn.shopify.com/s/files/1/0551/7692/1261/products/isekai_tape_2783608f-37de-4fdc-9aae-727c08a8448c.jpg?v=1680163261
ise-300-0068,【ヰ世界情緒】parallel canvasグッズセット（特典付き）／Virtual mini live「parallel canvas」,15000,False,"fy-17, ヰ世界情緒",https://findmestore.thinkr.jp/products/ise-300-0068,https://cdn.shopify.com/s/files/1/0551/7692/1261/products/1_a3b3c92e-7b7d-4dd7-9948-9d0bc9ddb3e8.jpg?v=1681538111
ise-300-0069,【ヰ世界情緒】ランダムブロマイド（3枚入り）／Virtual mini live「parallel canvas」,850,False,"fy-17, ヰ世界情緒",https://findmestore.thinkr.jp/products/ise-300-0069,https://cdn.shopify.com/s/files/1/0551/7692/1261/products/bromide.jpg?v=1680163723
ise-300-0070,【ヰ世界情緒】おすわりぬいぐるみ アネモネ ver.／ヰ世界情緒 2DAYS LIVE Blu-ray ＆ 復刻おすわりぬいぐるみ,4500,True,"fy-20, ヰ世界情緒",https://findmestore.thinkr.jp/products/ise-300-0070,https://cdn.shopify.com/s/files/1/0551/7692/1261/files/2354c53a5dcb322113b22ed321c87c4b.jpg?v=1685969977
ise-300-0071,【ヰ世界情緒】おすわりぬいぐるみ ネモフィラ ver.／ヰ世界情緒 2DAYS LIVE Blu-ray ＆ 復刻おすわりぬいぐるみ,4500,True,"fy-20, ヰ世界情緒",https://findmestore.thinkr.jp/products/ise-300-0071,https://cdn.shopify.com/s/files/1/0551/7692/1261/files/b1dec9d8ceec3e5d5b969b94697dfefe.jpg?v=1784722309
ise-300-0072,【ヰ世界情緒】オルゴール（シリウスの心臓）／SINKA LIVE SERIES EP.Ⅰ ヰ世界情緒,16500,False,"fy-17, ヰ世界情緒",https://findmestore.thinkr.jp/products/ise-300-0072,https://cdn.shopify.com/s/files/1/0551/7692/1261/files/ed3d552217e646c03f1cd32c10d2c99f.jpg?v=1685976641
ise-300-0073,【ヰ世界情緒】Tシャツ／WHITE／SINKA LIVE SERIES EP.Ⅰ ヰ世界情緒,4900,False,"fy-17, ヰ世界情緒",https://findmestore.thinkr.jp/products/ise-300-0073,https://cdn.shopify.com/s/files/1/0551/7692/1261/files/T_fix.jpg?v=1685971384
ise-300-0076,【ヰ世界情緒】Tシャツ／BLACK／SINKA LIVE SERIES EP.Ⅰ ヰ世界情緒,4500,False,"fy-17, ヰ世界情緒",https://findmestore.thinkr.jp/products/ise-300-0076,https://cdn.shopify.com/s/files/1/0551/7692/1261/files/blackbutsubackfix2.jpg?v=1685973245
ise-300-0079,【ヰ世界情緒】アクリルスタンド Anima Ⅱ ver.／SINKA LIVE SERIES EP.Ⅰ ヰ世界情緒,2500,False,"fy-17, ヰ世界情緒",https://findmestore.thinkr.jp/products/ise-300-0079,https://cdn.shopify.com/s/files/1/0551/7692/1261/files/fix_b79b66e6-916d-4d25-a7ea-af5efeb68f09.jpg?v=1685972035
ise-300-0080,【ヰ世界情緒】ランダムラバーキーホルダー（全6種）／SINKA LIVE SERIES EP.Ⅰ ヰ世界情緒,880,False,"fy-17, ヰ世界情緒",https://findmestore.thinkr.jp/products/ise-300-0080,https://cdn.shopify.com/s/files/1/0551/7692/1261/files/9078f4d8c1436f94f0c7ed30a6b103cd.jpg?v=1685970148
ise-300-0081,【ヰ世界情緒】ペアパスタプレート／SINKA LIVE SERIES EP.Ⅰ ヰ世界情緒,4600,False,"fy-17, ヰ世界情緒",https://findmestore.thinkr.jp/products/ise-300-0081,https://cdn.shopify.com/s/files/1/0551/7692/1261/files/42b98802ca37adde243706fd653d0a1a.jpg?v=1685970181
ise-300-0082,【ヰ世界情緒】メタルアートパネル（シリアルナンバー入り）／SINKA LIVE SERIES EP.Ⅰ ヰ世界情緒,23000,False,"fy-17, ヰ世界情緒",https://findmestore.thinkr.jp/products/ise-300-0082,https://cdn.shopify.com/s/files/1/0551/7692/1261/files/09377c550331ba247a2702bfa18f9351.jpg?v=1685970237
ise-300-0083,【ヰ世界情緒】ステッカーセット／SINKA LIVE SERIES EP.Ⅰ ヰ世界情緒,1600,False,"fy-17, ヰ世界情緒",https://findmestore.thinkr.jp/products/ise-300-0083,https://cdn.shopify.com/s/files/1/0551/7692/1261/files/sticker_a68d6954-b54e-4457-8bd1-30b71123e192.jpg?v=1685971953
ise-300-0084,【ヰ世界情緒】ショルダーバッグ／SINKA LIVE SERIES EP.Ⅰ ヰ世界情緒,8700,False,"fy-17, ヰ世界情緒",https://findmestore.thinkr.jp/products/ise-300-0084,https://cdn.shopify.com/s/files/1/0551/7692/1261/files/44d3c2dc0b5172607b7a3cf8ee0eced6.jpg?v=1685976559
ise-300-0085,【ヰ世界情緒】ネモフィラキーリング／SINKA LIVE SERIES EP.Ⅰ ヰ世界情緒,1600,False,"fy-17, ヰ世界情緒",https://findmestore.thinkr.jp/products/ise-300-0085,https://cdn.shopify.com/s/files/1/0551/7692/1261/files/90bd417061ca3a7446a9511d84746e58.jpg?v=1685970689
ise-300-0086,【ヰ世界情緒】クリアファイルセット／SINKA LIVE SERIES EP.Ⅰ ヰ世界情緒,1200,False,"fy-17, ヰ世界情緒",https://findmestore.thinkr.jp/products/ise-300-0086,https://cdn.shopify.com/s/files/1/0551/7692/1261/files/3b1f952f7773a1604694e0d26fa676e8.jpg?v=1685976125
ise-300-0087,【ヰ世界情緒】ビジュアルマルチクロス／SINKA LIVE SERIES EP.Ⅰ ヰ世界情緒,3800,False,"fy-17, ヰ世界情緒",https://findmestore.thinkr.jp/products/ise-300-0087,https://cdn.shopify.com/s/files/1/0551/7692/1261/files/fix_4736abe9-bd66-4a4e-8cb5-56bf2f04de2a.jpg?v=1685977066
ise-300-0089,【ヰ世界情緒】マグカップ＆コースターセット／Virtual mini live「parallel canvas Ⅱ」,2800,False,"fy-17, ヰ世界情緒",https://findmestore.thinkr.jp/products/ise-300-0089,https://cdn.shopify.com/s/files/1/0551/7692/1261/files/mugcup.jpg?v=1697523292
ise-300-0090,【ヰ世界情緒】キャンディーアクリルキーホルダー／Virtual mini live「parallel canvas Ⅱ」,1300,False,"fy-17, ヰ世界情緒",https://findmestore.thinkr.jp/products/ise-300-0090,https://cdn.shopify.com/s/files/1/0551/7692/1261/files/acrylkeyholder_973e181c-5320-47b3-ae6c-d722084b87a2.jpg?v=1697524160
ise-300-0091,【ヰ世界情緒】アンティーク風 懐中時計／Virtual mini live「parallel canvas Ⅱ」,16500,False,"fy-17, ヰ世界情緒",https://findmestore.thinkr.jp/products/ise-300-0091,https://cdn.shopify.com/s/files/1/0551/7692/1261/files/clock2.jpg?v=1697523678
ise-300-0092,【ヰ世界情緒】ジップアップパーカー／Virtual mini live「parallel canvas Ⅱ」,9800,False,"fy-17, ヰ世界情緒",https://findmestore.thinkr.jp/products/ise-300-0092,https://cdn.shopify.com/s/files/1/0551/7692/1261/files/hoodie2.jpg?v=1697626733
ise-300-0095,【ヰ世界情緒】アロマキャンドル／Virtual mini live「parallel canvas Ⅱ」,3400,False,"fy-17, ヰ世界情緒",https://findmestore.thinkr.jp/products/ise-300-0095,https://cdn.shopify.com/s/files/1/0551/7692/1261/files/candle.jpg?v=1697524193
ise-300-0096,【ヰ世界情緒】アクリルスタンド／Virtual mini live「parallel canvas Ⅱ」,2500,False,"fy-17, ヰ世界情緒",https://findmestore.thinkr.jp/products/ise-300-0096,https://cdn.shopify.com/s/files/1/0551/7692/1261/files/acrylstand_47efa286-ca5a-49a7-9a65-f35466c5c044.jpg?v=1697524172
ise-300-0097,【ヰ世界情緒】アクリルフォトスタンド／Virtual mini live「parallel canvas Ⅱ」,6600,False,"fy-17, ヰ世界情緒",https://findmestore.thinkr.jp/products/ise-300-0097,https://cdn.shopify.com/s/files/1/0551/7692/1261/files/photostand_7bf219d1-9070-4f7f-949b-6143cb709c96.jpg?v=1697524184
ise-300-0098,【ヰ世界情緒】きぐるみ付きミニクッションマスコット／Virtual mini live「parallel canvas Ⅱ」,2900,False,"fy-17, ヰ世界情緒",https://findmestore.thinkr.jp/products/ise-300-0098,https://cdn.shopify.com/s/files/1/0551/7692/1261/files/manjyu.jpg?v=1697524210
ise-300-0099,【ヰ世界情緒】リバーシブルブランケット／Virtual mini live「parallel canvas Ⅱ」,4000,False,"fy-17, ヰ世界情緒",https://findmestore.thinkr.jp/products/ise-300-0099,https://cdn.shopify.com/s/files/1/0551/7692/1261/files/blanket_a5e53e08-45ab-4ab4-b66b-8999ac1f3862.jpg?v=1697699535
ise-300-0101,【ヰ世界情緒】オリジナルブルゾン ネモフィラ ver.／2nd Album「色彩」& 4th Anniversary & ヰ世界電子通信部 OFFICIAL GOODS,33000,False,"fy-18, ヰ世界情緒",https://findmestore.thinkr.jp/products/ise-300-0101,https://cdn.shopify.com/s/files/1/0551/7692/1261/files/blouson2.jpg?v=1701514405
ise-300-0103,【ヰ世界情緒】アートフラワーディフューザー produced by ISEKAIJOUCHO／2nd Album「色彩」& 4th Anniversary & ヰ世界電子通信部 OFFICIAL GOODS,5800,False,"fy-17, ヰ世界情緒",https://findmestore.thinkr.jp/products/ise-300-0103,https://cdn.shopify.com/s/files/1/0551/7692/1261/files/diffuser_fix.jpg?v=1701731977
ise-300-0104,【ヰ世界情緒】デザインフレームアート（シリアルナンバー入り）／2nd Album「色彩」& 4th Anniversary & ヰ世界電子通信部 OFFICIAL GOODS,32000,False,"fy-17, ヰ世界情緒",https://findmestore.thinkr.jp/products/ise-300-0104,https://cdn.shopify.com/s/files/1/0551/7692/1261/files/art_fee7b87b-77d6-4597-9a7a-0f5ce4e06cf6.jpg?v=1701514048
ise-300-0105,【ヰ世界情緒】4th Anniversary リング／2nd Album「色彩」& 4th Anniversary & ヰ世界電子通信部 OFFICIAL GOODS,19800,False,"fy-17, ヰ世界情緒",https://findmestore.thinkr.jp/products/ise-300-0105,https://cdn.shopify.com/s/files/1/0551/7692/1261/files/ring_215d1080-8958-4f7d-92dc-e196f4c99980.jpg?v=1701513881
ise-300-0106,【ヰ世界情緒】「色彩」缶バッジセット（2個）／2nd Album「色彩」& 4th Anniversary & ヰ世界電子通信部 OFFICIAL GOODS,1000,False,"fy-17, ヰ世界情緒",https://findmestore.thinkr.jp/products/ise-300-0106,https://cdn.shopify.com/s/files/1/0551/7692/1261/files/48321b9496921ebd09ba102b7f0f848d.jpg?v=1701734098
ise-300-0107,【ヰ世界情緒】ヰ世界電子通信部　卓上カレンダー／2nd Album「色彩」& 4th Anniversary & ヰ世界電子通信部 OFFICIAL GOODS,2600,False,"fy-17, ヰ世界情緒",https://findmestore.thinkr.jp/products/ise-300-0107,https://cdn.shopify.com/s/files/1/0551/7692/1261/files/443f73507f2cf16f8d814b128241f235.jpg?v=1701732102
ise-300-0108,【ヰ世界情緒】ヰ世界電子通信部　ロングスリーブTシャツ／2nd Album「色彩」& 4th Anniversary & ヰ世界電子通信部 OFFICIAL GOODS,4850,False,"fy-17, ヰ世界情緒",https://findmestore.thinkr.jp/products/ise-300-0108,https://cdn.shopify.com/s/files/1/0551/7692/1261/files/lstee_3828a803-1181-4466-85a3-6fa32f9aed0e.jpg?v=1701514373
ise-300-0111,【ヰ世界情緒】ヰ世界電子通信部　ディスプレイ風アクリルスタンド／2nd Album「色彩」& 4th Anniversary & ヰ世界電子通信部 OFFICIAL GOODS,2600,False,"fy-17, ヰ世界情緒",https://findmestore.thinkr.jp/products/ise-300-0111,https://cdn.shopify.com/s/files/1/0551/7692/1261/files/pc_2087a2d5-02e8-4ecf-b9b8-fd7dea083019.jpg?v=1701731549
ise-300-0112,【ヰ世界情緒】ヰ世界電子通信部　ルームキーホルダー／2nd Album「色彩」& 4th Anniversary & ヰ世界電子通信部 OFFICIAL GOODS,1300,False,"fy-17, ヰ世界情緒",https://findmestore.thinkr.jp/products/ise-300-0112,https://cdn.shopify.com/s/files/1/0551/7692/1261/files/5655ead3bd24d0dae22bc333fbffa145.jpg?v=1701733321
ise-300-0117,【ヰ世界情緒】「project canvas ～ヰ世界情緒育成計画～」スペシャルグッズセット／「project canvas ～ヰ世界情緒育成計画～」OFFICIAL GOODS,18500,False,"fy-18, ヰ世界情緒",https://findmestore.thinkr.jp/products/ise-300-0117,https://cdn.shopify.com/s/files/1/0551/7692/1261/files/spset.jpg?v=1711712225
ise-300-0118,【ヰ世界情緒】「project canvas ～ヰ世界情緒育成計画～」タペストリー／「project canvas ～ヰ世界情緒育成計画～」OFFICIAL GOODS,3900,False,"fy-18, ヰ世界情緒",https://findmestore.thinkr.jp/products/ise-300-0118,https://cdn.shopify.com/s/files/1/0551/7692/1261/files/tapestry_7ca76998-9468-460f-90fc-aabb34e76152.jpg?v=1711712443
ise-300-0119,【ヰ世界情緒】「project canvas ～ヰ世界情緒育成計画～」リバーシブルアクリルスタンド／「project canvas ～ヰ世界情緒育成計画～」OFFICIAL GOODS,2900,False,"fy-18, ヰ世界情緒",https://findmestore.thinkr.jp/products/ise-300-0119,https://cdn.shopify.com/s/files/1/0551/7692/1261/files/a.jpg?v=1712375430
ise-300-0120,【ヰ世界情緒】ステンドグラスキーホルダー／「project canvas ～ヰ世界情緒育成計画～」OFFICIAL GOODS,3400,False,"fy-18, ヰ世界情緒",https://findmestore.thinkr.jp/products/ise-300-0120,https://cdn.shopify.com/s/files/1/0551/7692/1261/files/stainedglass.jpg?v=1711712508
ise-300-0121,【ヰ世界情緒】グラスマグカップ／「project canvas ～ヰ世界情緒育成計画～」OFFICIAL GOODS,2400,False,"fy-18, ヰ世界情緒",https://findmestore.thinkr.jp/products/ise-300-0121,https://cdn.shopify.com/s/files/1/0551/7692/1261/files/glassmug.jpg?v=1711712744
ise-300-0122,【ヰ世界情緒】pixel art Tシャツ ／「project canvas ～ヰ世界情緒育成計画～」OFFICIAL GOODS,4900,False,"fy-18, ヰ世界情緒",https://findmestore.thinkr.jp/products/ise-300-0122,https://cdn.shopify.com/s/files/1/0551/7692/1261/files/tee_ae304646-26ba-4a8b-8f4f-959ca80fa745.jpg?v=1711712656
ise-300-0125,【ヰ世界情緒】pixel art ロングスリーブTシャツ ／「project canvas ～ヰ世界情緒育成計画～」OFFICIAL GOODS,6700,False,"fy-18, ヰ世界情緒",https://findmestore.thinkr.jp/products/ise-300-0125,https://cdn.shopify.com/s/files/1/0551/7692/1261/files/lstee_658ed525-5ad9-4940-85c0-4d629e9c19e7.jpg?v=1711711889
ise-300-0128,【ヰ世界情緒】pixel art デスクマット／「project canvas ～ヰ世界情緒育成計画～」OFFICIAL GOODS,4400,False,"fy-18, ヰ世界情緒",https://findmestore.thinkr.jp/products/ise-300-0128,https://cdn.shopify.com/s/files/1/0551/7692/1261/files/deskmatt_ea3d4b5e-614e-4268-93ce-1e62639ff53c.jpg?v=1711712488
ise-300-0129,【ヰ世界情緒】pixel art クッション／「project canvas ～ヰ世界情緒育成計画～」OFFICIAL GOODS,4200,False,"fy-18, ヰ世界情緒",https://findmestore.thinkr.jp/products/ise-300-0129,https://cdn.shopify.com/s/files/1/0551/7692/1261/files/cushion_0ebf32cf-3b76-45f8-b2ea-60a3f16aba0a.jpg?v=1711712825
ise-300-0130,【ヰ世界情緒】pixel art ステーショナリーセット／「project canvas ～ヰ世界情緒育成計画～」OFFICIAL GOODS,4600,False,"fy-18, ヰ世界情緒",https://findmestore.thinkr.jp/products/ise-300-0130,https://cdn.shopify.com/s/files/1/0551/7692/1261/files/stationeryset.jpg?v=1711713098
ise-300-0131,【ヰ世界情緒】pixel art フォンタブ＆スマホリングストラップ／「project canvas ～ヰ世界情緒育成計画～」OFFICIAL GOODS,2400,False,"fy-18, ヰ世界情緒",https://findmestore.thinkr.jp/products/ise-300-0131,https://cdn.shopify.com/s/files/1/0551/7692/1261/files/smartphonering.jpg?v=1711713196
ise-300-0132,【ヰ世界情緒】pixel art スマホデコステッカーセット／「project canvas ～ヰ世界情緒育成計画～」OFFICIAL GOODS,1500,False,"fy-18, ヰ世界情緒",https://findmestore.thinkr.jp/products/ise-300-0132,https://cdn.shopify.com/s/files/1/0551/7692/1261/files/sticker_2dbab4cb-a97f-4160-9c97-1993feaa5f95.jpg?v=1711712465
ise-300-0133,【ヰ世界情緒】pixel art ランダム2wayアクリルスタンド／「project canvas ～ヰ世界情緒育成計画～」OFFICIAL GOODS,800,False,"fy-18, ヰ世界情緒",https://findmestore.thinkr.jp/products/ise-300-0133,https://cdn.shopify.com/s/files/1/0551/7692/1261/files/500ad3cc3d07d76faeed6828a4fe98e5.jpg?v=1712375360
ise-300-0134,【ヰ世界情緒】「Anima Ⅲ」ライブパンフレット／3rd ONE-MAN LIVE「Anima Ⅲ」,3300,False,"fy-18, ヰ世界情緒",https://findmestore.thinkr.jp/products/ise-300-0134,https://cdn.shopify.com/s/files/1/0551/7692/1261/files/083dfb127701e349b885ef5648716a1a_a4b88a46-3da6-4a3d-93e8-f65db246f0aa.jpg?v=1715981841
ise-300-0135,【ヰ世界情緒】ビッグシルエットステッチTシャツ／3rd ONE-MAN LIVE「Anima Ⅲ」,6500,False,"fy-18, ヰ世界情緒",https://findmestore.thinkr.jp/products/ise-300-0135,https://cdn.shopify.com/s/files/1/0551/7692/1261/files/Tee_wht1.jpg?v=1715982664
ise-300-0137,【ヰ世界情緒】「Anima Ⅲ」グラフィックTシャツ／3rd ONE-MAN LIVE「Anima Ⅲ」,4900,False,"fy-18, ヰ世界情緒",https://findmestore.thinkr.jp/products/ise-300-0137,https://cdn.shopify.com/s/files/1/0551/7692/1261/files/Tee_blk1.jpg?v=1715981770
ise-300-0142,【ヰ世界情緒】ジャガードマフラータオル／3rd ONE-MAN LIVE「Anima Ⅲ」,3200,True,"fy-18, ヰ世界情緒",https://findmestore.thinkr.jp/products/ise-300-0142,https://cdn.shopify.com/s/files/1/0551/7692/1261/files/1_34d5e44c-9f77-4e66-80a1-da1741daf83b.jpg?v=1715982541
ise-300-0143,【ヰ世界情緒】サコッシュ／3rd ONE-MAN LIVE「Anima Ⅲ」,4600,False,"fy-18, ヰ世界情緒",https://findmestore.thinkr.jp/products/ise-300-0143,https://cdn.shopify.com/s/files/1/0551/7692/1261/files/1_72f8476a-8b6f-4ffd-bd33-a69facb64bcb.jpg?v=1715982471
ise-300-0144,【ヰ世界情緒】BIGサマートートバッグ／3rd ONE-MAN LIVE「Anima Ⅲ」,4900,False,"fy-18, ヰ世界情緒",https://findmestore.thinkr.jp/products/ise-300-0144,https://cdn.shopify.com/s/files/1/0551/7692/1261/files/1_ee37724a-8ef0-4552-b566-d8a0eeff42c9.jpg?v=1715981676
ise-300-0145,【ヰ世界情緒】レザーブレスレット アネモネ ver.／3rd ONE-MAN LIVE「Anima Ⅲ」,3800,False,"fy-18, ヰ世界情緒",https://findmestore.thinkr.jp/products/ise-300-0145,https://cdn.shopify.com/s/files/1/0551/7692/1261/files/2_5ef90e4d-f0a0-4b53-a6aa-7c086802cb9d.jpg?v=1716337308
ise-300-0146,【ヰ世界情緒】接触冷感なりきりフードタオル／3rd ONE-MAN LIVE「Anima Ⅲ」,4800,True,"fy-18, ヰ世界情緒",https://findmestore.thinkr.jp/products/ise-300-0146,https://cdn.shopify.com/s/files/1/0551/7692/1261/files/1_069a4791-db68-4d3f-bc69-20f792d94076.jpg?v=1716162651
ise-300-0147,【ヰ世界情緒】チケットホルダーバッジ（自己紹介カード、レプリカチケット付）／3rd ONE-MAN LIVE「Anima Ⅲ」,2400,True,"fy-18, ヰ世界情緒",https://findmestore.thinkr.jp/products/ise-300-0147,https://cdn.shopify.com/s/files/1/0551/7692/1261/files/1_de8425d3-cf43-4d1c-820a-c8942dd919ac.jpg?v=1715982592
ise-300-0148,【ヰ世界情緒】アネモスラゲッジタグ／3rd ONE-MAN LIVE「Anima Ⅲ」,1700,False,"fy-18, ヰ世界情緒",https://findmestore.thinkr.jp/products/ise-300-0148,https://cdn.shopify.com/s/files/1/0551/7692/1261/files/1_061b0133-b479-4aa3-8c96-9944128fe502.jpg?v=1715982406
ise-300-0149,【ヰ世界情緒】アクリルスタンド 「Anima Ⅲ」 ver.／3rd ONE-MAN LIVE「Anima Ⅲ」,2500,False,"fy-18, ヰ世界情緒",https://findmestore.thinkr.jp/products/ise-300-0149,https://cdn.shopify.com/s/files/1/0551/7692/1261/files/0addbf811b9284d71eb5e3108791bf05.jpg?v=1715981887
ise-300-0150,【ヰ世界情緒】アクリルフォトスタンド 「Anima Ⅲ」 ver.／3rd ONE-MAN LIVE「Anima Ⅲ」,6600,False,"fy-18, ヰ世界情緒",https://findmestore.thinkr.jp/products/ise-300-0150,https://cdn.shopify.com/s/files/1/0551/7692/1261/files/SK_2896ok.jpg?v=1715981938
ise-300-0155,【ヰ世界情緒】ラバーバンドセット／SINKA LIVE SERIES EP.Ⅰ ヰ世界情緒 2nd ONE-MAN LIVE「Anima Ⅱ」Blu-ray & 3rd ONE-MAN LIVE「Anima Ⅲ」第二弾,1900,True,"fy-18, ヰ世界情緒",https://findmestore.thinkr.jp/products/ise-300-0155,https://cdn.shopify.com/s/files/1/0551/7692/1261/files/rubberband_aa3f3dfc-6b90-482f-bce1-0bf968e19160.jpg?v=1722237052
ise-300-0157,【ヰ世界情緒】ランダムステッカーセット4枚入り（全22種）／SINKA LIVE SERIES EP.Ⅰ ヰ世界情緒 2nd ONE-MAN LIVE「Anima Ⅱ」Blu-ray & 3rd ONE-MAN LIVE「Anima Ⅲ」第二弾,850,True,"fy-18, ヰ世界情緒",https://findmestore.thinkr.jp/products/ise-300-0157,https://cdn.shopify.com/s/files/1/0551/7692/1261/files/randomsticker.jpg?v=1722237039
ise-300-0158,【ヰ世界情緒】ショッパー／SINKA LIVE SERIES EP.Ⅰ ヰ世界情緒 2nd ONE-MAN LIVE「Anima Ⅱ」Blu-ray & 3rd ONE-MAN LIVE「Anima Ⅲ」第二弾,600,True,"fy-18, ヰ世界情緒",https://findmestore.thinkr.jp/products/ise-300-0158,https://cdn.shopify.com/s/files/1/0551/7692/1261/files/shoppimgbag.jpg?v=1722237024
ise-300-0159,【ヰ世界情緒】アクリルフォトプロップス／SINKA LIVE SERIES EP.Ⅰ ヰ世界情緒 2nd ONE-MAN LIVE「Anima Ⅱ」Blu-ray & 3rd ONE-MAN LIVE「Anima Ⅲ」第二弾,1700,False,"fy-18, ヰ世界情緒",https://findmestore.thinkr.jp/products/ise-300-0159,https://cdn.shopify.com/s/files/1/0551/7692/1261/files/photoprops.jpg?v=1722237381
ise-300-0160,【ヰ世界情緒】缶バッジ／SINKA LIVE SERIES EP.Ⅰ ヰ世界情緒 2nd ONE-MAN LIVE「Anima Ⅱ」Blu-ray & 3rd ONE-MAN LIVE「Anima Ⅲ」第二弾,500,False,"fy-18, ヰ世界情緒",https://findmestore.thinkr.jp/products/ise-300-0160,https://cdn.shopify.com/s/files/1/0551/7692/1261/files/badge_64721b58-16a7-4795-be73-54f60545646e.jpg?v=1722237010
ise-300-0161,【ヰ世界情緒】保冷トート／SINKA LIVE SERIES EP.Ⅰ ヰ世界情緒 2nd ONE-MAN LIVE「Anima Ⅱ」Blu-ray & 3rd ONE-MAN LIVE「Anima Ⅲ」第二弾,3500,True,"fy-18, ヰ世界情緒",https://findmestore.thinkr.jp/products/ise-300-0161,https://cdn.shopify.com/s/files/1/0551/7692/1261/files/coolerbag.jpg?v=1722237484
ise-300-0162,【ヰ世界情緒】クリアプレート／SINKA LIVE SERIES EP.Ⅰ ヰ世界情緒 2nd ONE-MAN LIVE「Anima Ⅱ」Blu-ray & 3rd ONE-MAN LIVE「Anima Ⅲ」第二弾,2000,True,"fy-18, ヰ世界情緒",https://findmestore.thinkr.jp/products/ise-300-0162,https://cdn.shopify.com/s/files/1/0551/7692/1261/files/clearplate.jpg?v=1722238172
ise-300-0163,【ヰ世界情緒】オルゴール（かたちなきもの）／SINKA LIVE SERIES EP.Ⅰ ヰ世界情緒 2nd ONE-MAN LIVE「Anima Ⅱ」Blu-ray & 3rd ONE-MAN LIVE「Anima Ⅲ」第二弾,16500,False,"fy-18, ヰ世界情緒",https://findmestore.thinkr.jp/products/ise-300-0163,https://cdn.shopify.com/s/files/1/0551/7692/1261/files/orgel_4f8531fb-1bdb-4067-a13c-3a613ebca852.jpg?v=1722238070
ise-300-0164,【ヰ世界情緒】ネックレス ネモフィラ ver.／SINKA LIVE SERIES EP.Ⅰ ヰ世界情緒 2nd ONE-MAN LIVE「Anima Ⅱ」Blu-ray & 3rd ONE-MAN LIVE「Anima Ⅲ」第二弾,19000,False,"fy-18, ヰ世界情緒",https://findmestore.thinkr.jp/products/ise-300-0164,https://cdn.shopify.com/s/files/1/0551/7692/1261/files/neckrace_c2fa36ad-dfe3-4e03-a56f-30f583297953.jpg?v=1722237720
ise-300-0168,【ヰ世界情緒】ランダムスクエア缶バッジ（全13種）／SINKA LIVE SERIES EP.Ⅰ ヰ世界情緒 2nd ONE-MAN LIVE「Anima Ⅱ」Blu-ray & 3rd ONE-MAN LIVE「Anima Ⅲ」第二弾,500,True,"fy-18, ヰ世界情緒",https://findmestore.thinkr.jp/products/ise-300-0168,https://cdn.shopify.com/s/files/1/0551/7692/1261/files/randombadge_50ace99d-ced0-467c-a097-296cf0ed93aa.jpg?v=1722323563
ise-300-0171,【春猿火×ヰ世界情緒】連結アクリルスタンド ヰ世界情緒／KAMITSUBAKI RADIO CLUB VIRTUAL MINI LIVE,2500,True,"fy-18, ヰ世界情緒",https://findmestore.thinkr.jp/products/ise-300-0171,https://cdn.shopify.com/s/files/1/0551/7692/1261/files/acsta.jpg?v=1727757151
ise-300-0172,【ヰ世界情緒】衣装メタルチャーム ヰ世界情緒／コミックマーケット105出展記念グッズ,3500,False,"fy-19, ヰ世界情緒",https://findmestore.thinkr.jp/products/ise-300-0172,https://cdn.shopify.com/s/files/1/0551/7692/1261/files/isecharm.jpg?v=1735024945
ise-300-0173,【ヰ世界情緒】フチ染アクリルスタンド ヰ世界情緒／コミックマーケット105出展記念グッズ,2500,False,"fy-19, ヰ世界情緒",https://findmestore.thinkr.jp/products/ise-300-0173,https://cdn.shopify.com/s/files/1/0551/7692/1261/files/isekaistand.jpg?v=1735024010
ise-300-0174,【ヰ世界情緒】アクリルネームキーホルダー ヰ世界情緒／コミックマーケット105出展記念グッズ,1500,False,"fy-19, ヰ世界情緒",https://findmestore.thinkr.jp/products/ise-300-0174,https://cdn.shopify.com/s/files/1/0551/7692/1261/files/isename.jpg?v=1735021576
ise-300-0175,【ヰ世界情緒】AVIOT×ヰ世界情緒 ボイス入りワイヤレスイヤホン（特典ステッカー入り）／Virtual mini live「Collection Bouquet」& 5th Anniversary & 3rd ONE-MAN LIVE「Anima Ⅲ」Blu-ray,36000,False,"fy-19, ヰ世界情緒",https://findmestore.thinkr.jp/products/ise-300-0175,https://cdn.shopify.com/s/files/1/0551/7692/1261/files/earphone5.jpg?v=1733282891
ise-300-0176,【ヰ世界情緒】5th ANNIVERSARY ART（シリアルナンバー入り）／Virtual mini live「Collection Bouquet」& 5th Anniversary & 3rd ONE-MAN LIVE「Anima Ⅲ」Blu-ray,32000,False,"fy-18, ヰ世界情緒",https://findmestore.thinkr.jp/products/ise-300-0176,https://cdn.shopify.com/s/files/1/0551/7692/1261/files/art_c13a991c-26f6-4a15-a0bb-069c568a9607.jpg?v=1733281485
ise-300-0177,【ヰ世界情緒】ミニチュアコスチュームマスコット ネモフィラ ver.／Virtual mini live「Collection Bouquet」& 5th Anniversary & 3rd ONE-MAN LIVE「Anima Ⅲ」Blu-ray,3500,False,"fy-18, ヰ世界情緒",https://findmestore.thinkr.jp/products/ise-300-0177,https://cdn.shopify.com/s/files/1/0551/7692/1261/files/mascot_55dac2ca-4611-452c-8ba9-2fdfe32c6cd0.jpg?v=1733282017
ise-300-0178,【ヰ世界情緒】ミニチュアコスチュームマスコット サンフラワー ver.／Virtual mini live「Collection Bouquet」& 5th Anniversary & 3rd ONE-MAN LIVE「Anima Ⅲ」Blu-ray,3500,False,"fy-18, ヰ世界情緒",https://findmestore.thinkr.jp/products/ise-300-0178,https://cdn.shopify.com/s/files/1/0551/7692/1261/files/mascot4_3060ead0-8675-46b9-9e26-87d57e964af8.jpg?v=1733282247
ise-300-0179,【ヰ世界情緒】万年筆＆インクセット（特典ポストカード付き）／Virtual mini live「Collection Bouquet」& 5th Anniversary & 3rd ONE-MAN LIVE「Anima Ⅲ」Blu-ray,15000,False,"fy-19, ヰ世界情緒",https://findmestore.thinkr.jp/products/ise-300-0179,https://cdn.shopify.com/s/files/1/0551/7692/1261/files/penink.jpg?v=1733282448
ise-300-0180,【ヰ世界情緒】「Collection Bouquet」アクリルフォトスタンド／Virtual mini live「Collection Bouquet」& 5th Anniversary & 3rd ONE-MAN LIVE「Anima Ⅲ」Blu-ray,6600,False,"fy-18, ヰ世界情緒",https://findmestore.thinkr.jp/products/ise-300-0180,https://cdn.shopify.com/s/files/1/0551/7692/1261/files/photostand_ef1fdb69-b951-4d79-8fec-f3ed3cdd1922.jpg?v=1733281572
ise-300-0181,【ヰ世界情緒】缶バッジ 3個セット／Virtual mini live「Collection Bouquet」& 5th Anniversary & 3rd ONE-MAN LIVE「Anima Ⅲ」Blu-ray,1500,True,"fy-18, ヰ世界情緒",https://findmestore.thinkr.jp/products/ise-300-0181,https://cdn.shopify.com/s/files/1/0551/7692/1261/files/9d1cfdb2b3cc47794b69454174632c08.jpg?v=1733289921
ise-300-0185,【ヰ世界情緒】ゴミダスぬいぐるみ／ヰ世界情緒 6th Anniversary OFFICIAL GOODS,5300,False,"fy-19, ヰ世界情緒",https://findmestore.thinkr.jp/products/ise-300-0185,https://cdn.shopify.com/s/files/1/0551/7692/1261/files/doll_e4981fc7-b6a1-4f54-a651-0bfa89cebe80.jpg?v=1742453823
ise-300-0186,【ヰ世界情緒】ゴミダスポーチ／ヰ世界情緒 6th Anniversary OFFICIAL GOODS,3800,False,"fy-19, ヰ世界情緒",https://findmestore.thinkr.jp/products/ise-300-0186,https://cdn.shopify.com/s/files/1/0551/7692/1261/files/pouch_2fb56bc9-c940-4fb6-9b8b-c20d969360a0.jpg?v=1742453846
ise-300-0187,【ヰ世界情緒】砂時計&オリジナルハーブティー セット／ヰ世界情緒展Ⅱ,15000,False,"fy-18, ヰ世界情緒",https://findmestore.thinkr.jp/products/ise-300-0187,https://cdn.shopify.com/s/files/1/0551/7692/1261/files/teaset2.jpg?v=1742452833
ise-300-0190,【ヰ世界情緒】カーディガン／ヰ世界情緒展Ⅱ,13500,False,"fy-19, ヰ世界情緒",https://findmestore.thinkr.jp/products/ise-300-0190,https://cdn.shopify.com/s/files/1/0551/7692/1261/files/cardigan.jpg?v=1742453318
ise-300-0192,【ヰ世界情緒】キャンバストートバッグ／ヰ世界情緒展Ⅱ,4900,False,"fy-19, ヰ世界情緒",https://findmestore.thinkr.jp/products/ise-300-0192,https://cdn.shopify.com/s/files/1/0551/7692/1261/files/tote_41946173-4cc9-46ea-8e3e-7741a3549ad0.jpg?v=1742454840
ise-300-0194,【ヰ世界情緒】ランダム缶バッジ ヰ世界情緒展Ⅱ ver.／ヰ世界情緒展Ⅱ,500,True,"fy-19, ヰ世界情緒",https://findmestore.thinkr.jp/products/ise-300-0194,https://cdn.shopify.com/s/files/1/0551/7692/1261/files/badge_0cc563f7-f077-4178-a99b-c28c610eb366.jpg?v=1742453067
ise-300-0196,【ヰ世界情緒】ランダムアクリルキーホルダー ヰ世界情緒展Ⅱ ver.／ヰ世界情緒展Ⅱ,800,False,"fy-19, ヰ世界情緒",https://findmestore.thinkr.jp/products/ise-300-0196,https://cdn.shopify.com/s/files/1/0551/7692/1261/files/c8254b06a726f67704039b7f9b55ba77.jpg?v=1742910469
ise-300-0197,【ヰ世界情緒】アクリルスタンド サンフラワー ver.／ヰ世界情緒展Ⅱ,2500,True,"fy-19, ヰ世界情緒",https://findmestore.thinkr.jp/products/ise-300-0197,https://cdn.shopify.com/s/files/1/0551/7692/1261/files/7C7A6705_1okb.jpg?v=1742910416
ise-300-0198,【ヰ世界情緒】タペストリー サンフラワー ver.／ヰ世界情緒展Ⅱ,3800,True,"fy-19, ヰ世界情緒",https://findmestore.thinkr.jp/products/ise-300-0198,https://cdn.shopify.com/s/files/1/0551/7692/1261/files/tapestry_92ed023c-a24e-4407-9a9b-1c738da529ea.jpg?v=1742454862
ise-300-0206,【ヰ世界情緒】ジクレーアート illustration byれおえん／ヰ世界情緒展Ⅱ,66000,True,"fy-19, ヰ世界情緒",https://findmestore.thinkr.jp/products/ise-300-0206,https://cdn.shopify.com/s/files/1/0551/7692/1261/files/art_c347fd75-d5e8-496b-a1dc-4aa9d0a715e3.jpg?v=1742454547
ise-300-0207,【ヰ世界情緒】3層アクリルフレームアート illustration byヰ世界情緒／ヰ世界情緒展Ⅱ,27000,True,"fy-19, ヰ世界情緒",https://findmestore.thinkr.jp/products/ise-300-0207,https://cdn.shopify.com/s/files/1/0551/7692/1261/files/3layerart_8e858f21-0496-481c-9a9b-02a59a4eac1b.jpg?v=1742453565
ise-300-0208,【ヰ世界情緒】おすわりぬいぐるみ サンフラワー ver.／ヰ世界情緒 2DAYS LIVE Blu-ray ＆ 復刻おすわりぬいぐるみ,4500,True,"fy-20, ヰ世界情緒",https://findmestore.thinkr.jp/products/ise-300-0208,https://cdn.shopify.com/s/files/1/0551/7692/1261/files/3d23d186f1fc8a59a3a96a7872e5b0e8_ae768dd8-2d82-41a0-b09c-9e232a4a07e1.jpg?v=1784722131
ise-300-0209,【ヰ世界情緒】リードディフューザー produced by ISEKAIJOUCHO／ヰ世界情緒展Ⅱ,5000,False,"fy-19, ヰ世界情緒",https://findmestore.thinkr.jp/products/ise-300-0209,https://cdn.shopify.com/s/files/1/0551/7692/1261/files/75efc93c886af9a22e177c00d547460f.jpg?v=1742911928
ise-300-0210,【ヰ世界情緒】ヰ世界情緒作品集「息吹Ⅱ」／ヰ世界情緒展Ⅱ,2000,True,"fy-19, ヰ世界情緒",https://findmestore.thinkr.jp/products/ise-300-0210,https://cdn.shopify.com/s/files/1/0551/7692/1261/files/641c6252cb6770801f977749036134c2.jpg?v=1742911667
ise-300-0212,【ヰ世界情緒】「Anima Ⅲ」デジタルライブパンフレット／3rd ONE-MAN LIVE「Anima Ⅲ」,2300,True,"fy-18, ヰ世界情緒",https://findmestore.thinkr.jp/products/ise-300-0212,https://cdn.shopify.com/s/files/1/0551/7692/1261/files/anima3.jpg?v=1743061020
ise-300-0214,【ヰ世界情緒】マフラータオル ヰ世界情緒／KAMITSUBAKI WARS 2025 神椿後楽園戦線 KAMITSUBAKI XPERIENCE,3500,True,"fy-19, ヰ世界情緒",https://findmestore.thinkr.jp/products/ise-300-0214,https://cdn.shopify.com/s/files/1/0551/7692/1261/files/mufflertowelise.jpg?v=1749313075
ise-300-0215,【ヰ世界情緒】チケット風アクリルキーホルダー ヰ世界情緒／KAMITSUBAKI WARS 2025 神椿後楽園戦線 KAMITSUBAKI XPERIENCE,1320,False,"fy-19, ヰ世界情緒",https://findmestore.thinkr.jp/products/ise-300-0215,https://cdn.shopify.com/s/files/1/0551/7692/1261/files/tickeetkeyise.jpg?v=1749314605
ise-300-0216,【ヰ世界情緒】ライブ応援グッズセット ヰ世界情緒／KAMITSUBAKI WARS 2025 神椿後楽園戦線 KAMITSUBAKI XPERIENCE,19800,True,"fy-19, ヰ世界情緒",https://findmestore.thinkr.jp/products/ise-300-0216,https://cdn.shopify.com/s/files/1/0551/7692/1261/files/ouenise2.jpg?v=1749315972
ise-300-0219,【ヰ世界情緒】アクリルスタンド／THINKR XR CLASSICS presents KAMITSUBAKI FILM CONCERT「神椿演奏会／想像」,2500,False,"fy-19, ヰ世界情緒",https://findmestore.thinkr.jp/products/ise-300-0219,https://cdn.shopify.com/s/files/1/0551/7692/1261/files/iseacsta.jpg?v=1747153305
ise-300-0220,【ヰ世界情緒】チケット風キーホルダー／THINKR XR CLASSICS presents KAMITSUBAKI FILM CONCERT「神椿演奏会／想像」,1500,False,"fy-19, ヰ世界情緒",https://findmestore.thinkr.jp/products/ise-300-0220,https://cdn.shopify.com/s/files/1/0551/7692/1261/files/isekeyholder.jpg?v=1747153071
ise-300-0221,【ヰ世界情緒】缶ケース＆缶バッジセット／THINKR XR CLASSICS presents KAMITSUBAKI FILM CONCERT「神椿演奏会／想像」,2500,False,"fy-19, ヰ世界情緒",https://findmestore.thinkr.jp/products/ise-300-0221,https://cdn.shopify.com/s/files/1/0551/7692/1261/files/isecan.jpg?v=1747153486
ise-300-0222,【ヰ世界情緒】FMS限定 タペストリー／THINKR XR CLASSICS presents KAMITSUBAKI FILM CONCERT「神椿演奏会／想像」,5000,False,"fy-19, ヰ世界情緒",https://findmestore.thinkr.jp/products/ise-300-0222,https://cdn.shopify.com/s/files/1/0551/7692/1261/files/isetapestry.jpg?v=1747152734
ise-300-0223,【ヰ世界情緒】KAMITSUBAKI XP ビックアクリルスタンド ヰ世界情緒／KAMITSUBAKI WARS 2025 神椿後楽園戦線 KAMITSUBAKI XPERIENCE,5000,False,"fy-19, ヰ世界情緒",https://findmestore.thinkr.jp/products/ise-300-0223,https://cdn.shopify.com/s/files/1/0551/7692/1261/files/cb77e6f4745126d987894ceb88f5e4bc.jpg?v=1749553155
ise-300-0224,【ヰ世界情緒】Baseball Shirt – Team ISEKAIJYOUCHO／KAMITSUBAKI WARS 2025 神椿後楽園戦線 KAMITSUBAKI XPERIENCE,9000,False,"fy-19, ヰ世界情緒",https://findmestore.thinkr.jp/products/ise-300-0224,https://cdn.shopify.com/s/files/1/0551/7692/1261/files/bbt_ise1.jpg?v=1749556135
ise-300-0226,【ヰ世界情緒】ゆらゆらアクリルブロックキーホルダー／THINKR XR CLASSICS presents KAMITSUBAKI FILM CONCERT「神椿演奏会／想像」第二弾,1500,True,"fy-19, ヰ世界情緒",https://findmestore.thinkr.jp/products/ise-300-0226,https://cdn.shopify.com/s/files/1/0551/7692/1261/files/keyise_dbe10582-81a4-4990-9f6a-e08572787281.jpg?v=1754898330
ise-300-0228,【ヰ世界情緒】BIGアクリルスタンド ヰ世界情緒／コミックマーケット106出展記念グッズ,5000,False,"fy-19, ヰ世界情緒",https://findmestore.thinkr.jp/products/ise-300-0228,https://cdn.shopify.com/s/files/1/0551/7692/1261/files/bigise.jpg?v=1755434069
ise-300-0229,【ヰ世界情緒】アクリルキーホルダー ヰ世界情緒／コミックマーケット106出展記念グッズ,1500,False,"fy-19, ヰ世界情緒",https://findmestore.thinkr.jp/products/ise-300-0229,https://cdn.shopify.com/s/files/1/0551/7692/1261/files/keyise_cde6bede-2275-4692-805b-bb1ace9831dc.jpg?v=1755436690
ise-300-0230,【ヰ世界情緒】フーディー ヰ世界情緒／KAMITSUBAKI FES ’25 OUR ONE-DAY WAR,9800,False,"fy-19, ヰ世界情緒",https://findmestore.thinkr.jp/products/ise-300-0230,https://cdn.shopify.com/s/files/1/0551/7692/1261/files/hoodieise2.jpg?v=1755409044
ise-300-0233,【ヰ世界情緒】アクリルスタンド ヰ世界情緒／KAMITSUBAKI FES ’25 OUR ONE-DAY WAR,2500,True,"fy-19, ヰ世界情緒",https://findmestore.thinkr.jp/products/ise-300-0233,https://cdn.shopify.com/s/files/1/0551/7692/1261/files/acstaise_ce28d484-4d87-4199-ad15-5640066ef531.jpg?v=1754998060
ise-300-0234,【ヰ世界情緒】セットC106 ヰ世界情緒／コミックマーケット106出展記念グッズ,12000,True,"fy-19, ヰ世界情緒",https://findmestore.thinkr.jp/products/ise-300-0234,https://cdn.shopify.com/s/files/1/0551/7692/1261/files/setise.jpg?v=1755486029
ise-300-0235,【ヰ世界情緒】アーティストネームアクリルブロック ヰ世界情緒／KAMITSUBAKI FES ’25 OUR ONE-DAY WAR 第二弾,2500,False,"fy-19, ヰ世界情緒",https://findmestore.thinkr.jp/products/ise-300-0235,https://cdn.shopify.com/s/files/1/0551/7692/1261/files/1bc17b3ed26d65eabc8f41257fd2e9a9_6081f797-7a94-4368-bf22-ed524a811d73.jpg?v=1761872604
ise-300-0236,【ヰ世界情緒】サンフラワー衣装バングル／STREAMING COVER LIVE「キャンディライブ3」GOODS＆CD,18000,False,"fy-19, ヰ世界情緒",https://findmestore.thinkr.jp/products/ise-300-0236,https://cdn.shopify.com/s/files/1/0551/7692/1261/files/bangle_6ff7b4cd-0a09-4566-a435-f6db30bda9c8.jpg?v=1759129192
ise-300-0237,【ヰ世界情緒】ミラーコートアクリル額装アート／STREAMING COVER LIVE「キャンディライブ3」GOODS＆CD,25000,False,"fy-19, ヰ世界情緒",https://findmestore.thinkr.jp/products/ise-300-0237,https://cdn.shopify.com/s/files/1/0551/7692/1261/files/art_f613940b-587f-4eee-904c-de2cbc8f36ed.jpg?v=1759129259
ise-300-0238,【ヰ世界情緒】グリッターアクリルブロック／STREAMING COVER LIVE「キャンディライブ3」GOODS＆CD,4900,False,"fy-19, ヰ世界情緒",https://findmestore.thinkr.jp/products/ise-300-0238,https://cdn.shopify.com/s/files/1/0551/7692/1261/files/block_e7ec0485-b1a3-4cb4-980e-5132907cb5c3.jpg?v=1759129642
ise-300-0239,【ヰ世界情緒】ミニクッション4／STREAMING COVER LIVE「キャンディライブ3」GOODS＆CD,4700,False,"fy-19, ヰ世界情緒",https://findmestore.thinkr.jp/products/ise-300-0239,https://cdn.shopify.com/s/files/1/0551/7692/1261/files/cushion_c5c76912-300a-445f-ab56-d99133cd7784.jpg?v=1759129224
ise-300-0240,【ヰ世界情緒】キャンディ風キーホルダー／STREAMING COVER LIVE「キャンディライブ3」GOODS＆CD,1500,False,"fy-19, ヰ世界情緒",https://findmestore.thinkr.jp/products/ise-300-0240,https://cdn.shopify.com/s/files/1/0551/7692/1261/files/keyholder_fa2eb08c-4be8-47bf-b265-547b8871de35.jpg?v=1759129526
ise-300-0241,【ヰ世界情緒】オリジナル金平糖／STREAMING COVER LIVE「キャンディライブ3」GOODS＆CD,1500,False,"fy-19, ヰ世界情緒",https://findmestore.thinkr.jp/products/ise-300-0241,https://cdn.shopify.com/s/files/1/0551/7692/1261/files/449d2182073937fc4af8545eaedf0a7a.jpg?v=1759292600
ise-300-0242,【ヰ世界情緒】KVタペストリー／STREAMING COVER LIVE「キャンディライブ3」GOODS＆CD,5000,False,"fy-19, ヰ世界情緒",https://findmestore.thinkr.jp/products/ise-300-0242,https://cdn.shopify.com/s/files/1/0551/7692/1261/files/tapestry_e90d0e45-1c2f-4bae-a4f1-e4b47d5a91d5.jpg?v=1759129507
ise-300-0244,【ヰ世界情緒】「Virtual Ties 〜ヰ世界情緒夢想曲〜」（完全生産限定版・switch）／Virtual Ties 〜ヰ世界情緒夢想曲〜,9900,True,"fy-19, ヰ世界情緒",https://findmestore.thinkr.jp/products/ise-300-0244,https://cdn.shopify.com/s/files/1/0551/7692/1261/files/SWITCH_70bd78b6-026b-4a4c-a713-5a01a6ee8918.jpg?v=1762130788
ise-300-0245,【ヰ世界情緒】「Virtual Ties 〜ヰ世界情緒夢想曲〜」（完全生産限定版・steam）／Virtual Ties 〜ヰ世界情緒夢想曲〜,9900,True,"fy-19, ヰ世界情緒",https://findmestore.thinkr.jp/products/ise-300-0245,https://cdn.shopify.com/s/files/1/0551/7692/1261/files/STEAM_f63d5b96-763f-4a21-8395-e05ae021250a.jpg?v=1762130709
ise-300-0246,【ヰ世界情緒】「Virtual Ties 〜ヰ世界情緒夢想曲〜」（FMS限定版・switch）／Virtual Ties 〜ヰ世界情緒夢想曲〜,14300,False,"fy-19, ヰ世界情緒",https://findmestore.thinkr.jp/products/ise-300-0246,https://cdn.shopify.com/s/files/1/0551/7692/1261/files/SWITCH_FMS.jpg?v=1762130573
ise-300-0247,【ヰ世界情緒】「Virtual Ties 〜ヰ世界情緒夢想曲〜」（FMS限定版・steam）／Virtual Ties 〜ヰ世界情緒夢想曲〜,14300,False,"fy-19, ヰ世界情緒",https://findmestore.thinkr.jp/products/ise-300-0247,https://cdn.shopify.com/s/files/1/0551/7692/1261/files/STEAM_FMS.jpg?v=1762130080
ise-300-0248,【ヰ世界情緒】アクリルスタンド／THINKR XR CLASSICS presents KAMITSUBAKI FILM CONCERT「神椿演奏会／想像」2026 WINTER,2500,True,"fy-19, ヰ世界情緒",https://findmestore.thinkr.jp/products/ise-300-0248,https://cdn.shopify.com/s/files/1/0551/7692/1261/files/acstaise_5ba32d01-3748-4f0b-b65e-d6983a451dc5.jpg?v=1762180804
ise-300-0249,【ヰ世界情緒】2連ワイヤーアクリルキーホルダー／THINKR XR CLASSICS presents KAMITSUBAKI FILM CONCERT「神椿演奏会／想像」2026 WINTER,1500,False,"fy-19, ヰ世界情緒",https://findmestore.thinkr.jp/products/ise-300-0249,https://cdn.shopify.com/s/files/1/0551/7692/1261/files/ackeyise_6d4f491d-a850-4f93-9525-a33f7654029a.jpg?v=1762181003
ise-300-0250,【ヰ世界情緒】FMS限定 B2タペストリー／THINKR XR CLASSICS presents KAMITSUBAKI FILM CONCERT「神椿演奏会／想像」2026 WINTER,5000,False,"fy-19, ヰ世界情緒",https://findmestore.thinkr.jp/products/ise-300-0250,https://cdn.shopify.com/s/files/1/0551/7692/1261/files/tapestryise.jpg?v=1762181218
ise-300-0251,【ヰ世界情緒】オリジナルジャガードマフラー／ヰ世界情緒 6th Anniversary OFFICIAL GOODS,8800,False,"fy-19, ヰ世界情緒",https://findmestore.thinkr.jp/products/ise-300-0251,https://cdn.shopify.com/s/files/1/0551/7692/1261/files/muffler.jpg?v=1764562037
ise-300-0252,【ヰ世界情緒】イヤーマフ／ヰ世界情緒 6th Anniversary OFFICIAL GOODS,12000,False,"fy-19, ヰ世界情緒",https://findmestore.thinkr.jp/products/ise-300-0252,https://cdn.shopify.com/s/files/1/0551/7692/1261/files/1_cff22737-0cdc-4e2a-8971-b1f26acbeba8.jpg?v=1764633219
ise-300-0253,【ヰ世界情緒】マフラーイヤーマフセット／ヰ世界情緒 6th Anniversary OFFICIAL GOODS,20000,False,"fy-19, ヰ世界情緒",https://findmestore.thinkr.jp/products/ise-300-0253,https://cdn.shopify.com/s/files/1/0551/7692/1261/files/9e6bf361be3c0038c6d8e0ea4dd0451a_ff78e27a-6975-4183-af67-b70b020baee1.jpg?v=1764633761
ise-300-0254,【ヰ世界情緒】6th ANNIVERSARY ART（シリアルナンバー入り）／ヰ世界情緒 6th Anniversary OFFICIAL GOODS,32000,False,"fy-19, ヰ世界情緒",https://findmestore.thinkr.jp/products/ise-300-0254,https://cdn.shopify.com/s/files/1/0551/7692/1261/files/ver.jpg?v=1764815081
ise-300-0255,【ヰ世界情緒】ロゼット缶バッジセット／ヰ世界情緒 6th Anniversary OFFICIAL GOODS,3500,False,"fy-19, ヰ世界情緒",https://findmestore.thinkr.jp/products/ise-300-0255,https://cdn.shopify.com/s/files/1/0551/7692/1261/files/badge_a3c6a45d-09c5-4b0d-a26b-51d62ceb9e26.jpg?v=1764561966
ise-300-0256,【ヰ世界情緒】ジグソーパズル／ヰ世界情緒 6th Anniversary OFFICIAL GOODS,4800,False,"fy-19, ヰ世界情緒",https://findmestore.thinkr.jp/products/ise-300-0256,https://cdn.shopify.com/s/files/1/0551/7692/1261/files/ISEKAIJOUCHO_1000P-Msize-pack_fixnew.jpg?v=1764815204
ise-300-0257,【ヰ世界情緒】卓上カレンダー／ヰ世界情緒 6th Anniversary OFFICIAL GOODS,2600,False,"fy-19, ヰ世界情緒",https://findmestore.thinkr.jp/products/ise-300-0257,https://cdn.shopify.com/s/files/1/0551/7692/1261/files/calendar4_c784cea5-3ade-4d58-878f-fe569b9c24b5.jpg?v=1764561460
ise-300-0258,【ヰ世界情緒】アクリルマグネットセット／ヰ世界情緒 6th Anniversary OFFICIAL GOODS,7700,False,"fy-19, ヰ世界情緒",https://findmestore.thinkr.jp/products/ise-300-0258,https://cdn.shopify.com/s/files/1/0551/7692/1261/files/65f51734a13ac074f0e5c45a857c85ac.jpg?v=1764645882
ise-300-0261,【ヰ世界情緒】ミニキャラマスコットキーホルダー／THINKR XR CLASSICS presents KAMITSUBAKI FILM CONCERT「神椿演奏会／想像」2026 WINTER 第二弾,1700,True,"fy-20, ヰ世界情緒",https://findmestore.thinkr.jp/products/ise-300-0261,https://cdn.shopify.com/s/files/1/0551/7692/1261/files/isekey.jpg?v=1768991703
ise-300-0263,【ヰ世界情緒】リバーシブルタオル／2DAYS LIVE DAY1「Flower Closet」 DAY2「Anima Re:birth」OFFICIAL GOODS,3000,False,"fy-20, ヰ世界情緒",https://findmestore.thinkr.jp/products/ise-300-0263,https://cdn.shopify.com/s/files/1/0551/7692/1261/files/4d14f6b7afe4a0e386a2b3471d501a8c.jpg?v=1770121237
ise-300-0264,【ヰ世界情緒】「Flower Closet」グラフィックKV Tシャツ／2DAYS LIVE DAY1「Flower Closet」 DAY2「Anima Re:birth」OFFICIAL GOODS,4900,True,"fy-20, ヰ世界情緒",https://findmestore.thinkr.jp/products/ise-300-0264,https://cdn.shopify.com/s/files/1/0551/7692/1261/files/tee_0977574c-7cfd-49fc-b28a-ed3b9642ba59.jpg?v=1770712569
ise-300-0267,【ヰ世界情緒】モチーフ刺繍シャツ／2DAYS LIVE DAY1「Flower Closet」 DAY2「Anima Re:birth」OFFICIAL GOODS,9500,False,"fy-20, ヰ世界情緒",https://findmestore.thinkr.jp/products/ise-300-0267,https://cdn.shopify.com/s/files/1/0551/7692/1261/files/001.jpg?v=1770345795
ise-300-0270,【ヰ世界情緒】ランダム衣装メタルチャーム／2DAYS LIVE DAY1「Flower Closet」 DAY2「Anima Re:birth」OFFICIAL GOODS,1100,False,"fy-20, ヰ世界情緒",https://findmestore.thinkr.jp/products/ise-300-0270,https://cdn.shopify.com/s/files/1/0551/7692/1261/files/metalcharm_3347ac4c-34e0-4227-80fc-97c868f96eb3.jpg?v=1770120086
ise-300-0271,【ヰ世界情緒】FMS限定 衣装メタルチャーム コンプリートセット ＊一会計につき一セットまで／2DAYS LIVE DAY1「Flower Closet」 DAY2「Anima Re:birth」OFFICIAL GOODS,9900,False,"fy-20, ヰ世界情緒",https://findmestore.thinkr.jp/products/ise-300-0271,https://cdn.shopify.com/s/files/1/0551/7692/1261/files/metalcharm.jpg?v=1770037545
ise-300-0272,【ヰ世界情緒】FMS限定 キャリーケース＆ラゲッジタグ／2DAYS LIVE DAY1「Flower Closet」 DAY2「Anima Re:birth」OFFICIAL GOODS,37000,True,"fy-20, ヰ世界情緒",https://findmestore.thinkr.jp/products/ise-300-0272,https://cdn.shopify.com/s/files/1/0551/7692/1261/files/isekaijoucho4thlive_suitcase5.png?v=1770118274
ise-300-0273,【ヰ世界情緒】ミラーキーホルダー／2DAYS LIVE DAY1「Flower Closet」 DAY2「Anima Re:birth」OFFICIAL GOODS,3300,False,"fy-20, ヰ世界情緒",https://findmestore.thinkr.jp/products/ise-300-0273,https://cdn.shopify.com/s/files/1/0551/7692/1261/files/c004f985946b79d890e648c65d73934a.jpg?v=1770117585
ise-300-0274,【ヰ世界情緒】MARGARET PARA SOL／2DAYS LIVE DAY1「Flower Closet」 DAY2「Anima Re:birth」OFFICIAL GOODS,5500,False,"fy-20, ヰ世界情緒",https://findmestore.thinkr.jp/products/ise-300-0274,https://cdn.shopify.com/s/files/1/0551/7692/1261/files/isekaijoucho4thlive_umbrella_1.png?v=1770117436
ise-300-0275,【ヰ世界情緒】MARGARET LUNA LIGHT／2DAYS LIVE DAY1「Flower Closet」 DAY2「Anima Re:birth」OFFICIAL GOODS,5500,False,"fy-20, ヰ世界情緒",https://findmestore.thinkr.jp/products/ise-300-0275,https://cdn.shopify.com/s/files/1/0551/7692/1261/files/lunalight.jpg?v=1770033443
ise-300-0277,【ヰ世界情緒】リバーシブルアクリルアートパネル／2DAYS LIVE DAY1「Flower Closet」 DAY2「Anima Re:birth」OFFICIAL GOODS,4800,True,"fy-20, ヰ世界情緒",https://findmestore.thinkr.jp/products/ise-300-0277,https://cdn.shopify.com/s/files/1/0551/7692/1261/files/reversiblepanel_3b0e7dcb-4e2c-49d5-b819-8623ad28234a.jpg?v=1770124464
ise-300-0278,【ヰ世界情緒】アクリルスタンド「Flower Closet」ver.／2DAYS LIVE DAY1「Flower Closet」 DAY2「Anima Re:birth」OFFICIAL GOODS,2500,False,"fy-20, ヰ世界情緒",https://findmestore.thinkr.jp/products/ise-300-0278,https://cdn.shopify.com/s/files/1/0551/7692/1261/files/acsta_a4d7a3e6-5c5f-4a4a-804a-f9b3c7cf8834.jpg?v=1770037957
ise-300-0280,【ヰ世界情緒】Gaming KEYBOARD／Virtual Ties 〜ヰ世界情緒夢想曲〜 OFFICIAL GOODS,38000,False,"fy-20, ヰ世界情緒",https://findmestore.thinkr.jp/products/ise-300-0280,https://cdn.shopify.com/s/files/1/0551/7692/1261/files/keyboard.jpg?v=1773209789
ise-300-0281,【ヰ世界情緒】「Virtual Ties〜ヰ世界情緒夢想曲〜」Gaming CHAIR／Virtual Ties 〜ヰ世界情緒夢想曲〜 OFFICIAL GOODS,70000,False,"fy-20, ヰ世界情緒",https://findmestore.thinkr.jp/products/ise-300-0281,https://cdn.shopify.com/s/files/1/0551/7692/1261/files/1_7a6c2603-8881-4a2a-a1b3-871a03f33b56.jpg?v=1773277617
ise-300-0282,【ヰ世界情緒】「Virtual Ties〜ヰ世界情緒夢想曲〜」デスクマット／Virtual Ties 〜ヰ世界情緒夢想曲〜 OFFICIAL GOODS,4400,False,"fy-20, ヰ世界情緒",https://findmestore.thinkr.jp/products/ise-300-0282,https://cdn.shopify.com/s/files/1/0551/7692/1261/files/deskmat_8836e2dd-c1a0-4433-bf6a-d75421e6b8d2.jpg?v=1773210238
ise-300-0283,【ヰ世界情緒】アクリルスタンド Virtual Ties ver.／Virtual Ties 〜ヰ世界情緒夢想曲〜 OFFICIAL GOODS,2500,False,"fy-20, ヰ世界情緒",https://findmestore.thinkr.jp/products/ise-300-0283,https://cdn.shopify.com/s/files/1/0551/7692/1261/files/acsta_64c6fdef-641d-47b4-b978-31af12f4d41b.jpg?v=1773210214
ise-300-0284,【ヰ世界情緒】アートキャンバス Virtual Ties ver.／Virtual Ties 〜ヰ世界情緒夢想曲〜 OFFICIAL GOODS,12000,False,"fy-20, ヰ世界情緒",https://findmestore.thinkr.jp/products/ise-300-0284,https://cdn.shopify.com/s/files/1/0551/7692/1261/files/art_df417b24-1d83-44ed-a81e-0df4bc2401c1.jpg?v=1773210161
ise-300-0285,【ヰ世界情緒】「Virtual Ties〜ヰ世界情緒夢想曲〜」練習着パーカー／Virtual Ties 〜ヰ世界情緒夢想曲〜 OFFICIAL GOODS,12000,False,"fy-20, ヰ世界情緒",https://findmestore.thinkr.jp/products/ise-300-0285,https://cdn.shopify.com/s/files/1/0551/7692/1261/files/hoodie_167292e0-bdd8-4038-9f01-9c90b4e97e74.jpg?v=1773210198
ise-300-0286,【ヰ世界情緒】ステッカーセット／Virtual Ties 〜ヰ世界情緒夢想曲〜 OFFICIAL GOODS,1200,False,"fy-20, ヰ世界情緒",https://findmestore.thinkr.jp/products/ise-300-0286,https://cdn.shopify.com/s/files/1/0551/7692/1261/files/sticker_53df01a6-4817-47fe-81d3-8d441990ac92.jpg?v=1773210138
ise-300-0312,【ヰ世界情緒】ベレー帽＆ピンバッジセット／2DAYS LIVE DAY1「Flower Closet」DAY2「Anima Re:birth」OFFICIAL LIVE GOODS 第2弾,8800,False,"fy-20, ヰ世界情緒",https://findmestore.thinkr.jp/products/ise-300-0312,https://cdn.shopify.com/s/files/1/0551/7692/1261/files/1_9a2a2fb4-21cc-4755-ab6d-236aff4c3a61.jpg?v=1777034697
ise-300-0313,【ヰ世界情緒】ミニぬいセット A／2DAYS LIVE DAY1「Flower Closet」DAY2「Anima Re:birth」OFFICIAL LIVE GOODS 第2弾,9000,False,"fy-20, ヰ世界情緒",https://findmestore.thinkr.jp/products/ise-300-0313,https://cdn.shopify.com/s/files/1/0551/7692/1261/files/nuisetA.jpg?v=1776935789
ise-300-0314,【ヰ世界情緒】ミニぬいセット B／2DAYS LIVE DAY1「Flower Closet」DAY2「Anima Re:birth」OFFICIAL LIVE GOODS 第2弾,9000,False,"fy-20, ヰ世界情緒",https://findmestore.thinkr.jp/products/ise-300-0314,https://cdn.shopify.com/s/files/1/0551/7692/1261/files/nuisetB.jpg?v=1776935993
ise-300-0315,【ヰ世界情緒】ISEKAIJOUCHO COSTUME BOOK／2DAYS LIVE DAY1「Flower Closet」DAY2「Anima Re:birth」OFFICIAL LIVE GOODS 第2弾,3500,False,"fy-20, ヰ世界情緒",https://findmestore.thinkr.jp/products/ise-300-0315,https://cdn.shopify.com/s/files/1/0551/7692/1261/files/book_2f5ed178-535a-47c3-8e9d-ebbeb442f7f0.jpg?v=1776936106
ise-300-154,【ヰ世界情緒】サーモペットボトルクーラー／SINKA LIVE SERIES EP.Ⅰ ヰ世界情緒 2nd ONE-MAN LIVE「Anima Ⅱ」Blu-ray & 3rd ONE-MAN LIVE「Anima Ⅲ」第二弾,3900,False,"fy-18, ヰ世界情緒",https://findmestore.thinkr.jp/products/ise-300-154,https://cdn.shopify.com/s/files/1/0551/7692/1261/files/thermobottle.jpg?v=1722237896
ise-300-88,【ヰ世界情緒】SINKA LIVE SERIES EP.Ⅰ「Anima Ⅱ -神椿市参番街-」デジタルライブパンフレット／SINKA LIVE SERIES EP.Ⅰヰ世界情緒,2300,True,"fy-17, ヰ世界情緒",https://findmestore.thinkr.jp/products/ise-300-88,https://cdn.shopify.com/s/files/1/0551/7692/1261/files/SINKA-LIVE_pamph_09312f00-d1b9-489e-8ea9-8de1309f4867.jpg?v=1686814560
isekaijoucho220513,【ヰ世界情緒】1st LIVE Blu-ray「Anima」,6600,True,"fy-18, ヰ世界情緒",https://findmestore.thinkr.jp/products/isekaijoucho220513,https://cdn.shopify.com/s/files/1/0551/7692/1261/products/anima_Blu-ray.jpg?v=1652237406
kaf-300-0249,【V.W.P】イラストペンライト V.W.P／KAMITSUBAKI FES 2023,4950,False,"V.W.P, fy-17, ヰ世界情緒, 幸祜, 春猿火, 花譜",https://findmestore.thinkr.jp/products/kaf-300-0249,https://cdn.shopify.com/s/files/1/0551/7692/1261/products/SK_7347ok.jpg?v=1679582892
kaf-300-0250,【V.W.P】KAMITSUBAKI FES アクリルスタンド V.W.P／KAMITSUBAKI FES 2023,2200,False,"V.W.P, fy-17, ヰ世界情緒, 幸祜, 春猿火, 理芽, 花譜",https://findmestore.thinkr.jp/products/kaf-300-0250,https://cdn.shopify.com/s/files/1/0551/7692/1261/products/SK_7327ok.jpg?v=1679581434
kamitsubaki220107,KAMITSUBAKI x Monark Collaboration Album「Awake」,3000,False,"CIEL, fy-15, ヰ世界情緒, 幸祜, 春猿火, 理芽, 花譜",https://findmestore.thinkr.jp/products/kamitsubaki220107,https://cdn.shopify.com/s/files/1/0551/7692/1261/products/451a6017-eda4-4e3d-8e28-73c1ce3d5e0f.jpg?v=1639627252
ktr-000-0107,【V.W.P】1st ONE-MAN LIVE「魔女集会&現象」Blu-ray／1st ONE-MAN LIVE「魔女集会&現象」,10000,False,"V.W.P, fy-17",https://findmestore.thinkr.jp/products/ktr-000-0107,https://cdn.shopify.com/s/files/1/0551/7692/1261/files/gensyou_fms.png?v=1682917125
ktr-000-0127,【ヰ世界情緒】「色彩」α／2nd Album「色彩」& 4th Anniversary & ヰ世界電子通信部 OFFICIAL GOODS,5000,True,"fy-17, ヰ世界情緒",https://findmestore.thinkr.jp/products/ktr-000-0127,https://cdn.shopify.com/s/files/1/0551/7692/1261/files/shikisai_a_BOX.jpg?v=1701769508
ktr-000-0128,【ヰ世界情緒】「色彩」β／2nd Album「色彩」& 4th Anniversary & ヰ世界電子通信部 OFFICIAL GOODS,5000,True,"fy-17, ヰ世界情緒",https://findmestore.thinkr.jp/products/ktr-000-0128,https://cdn.shopify.com/s/files/1/0551/7692/1261/files/shikisai_b_BOX.jpg?v=1701769656
ktr-000-0217,【ヰ世界情緒】「CANDY LIVE 3」／STREAMING COVER LIVE「キャンディライブ3」GOODS＆CD,3300,True,"fy-19, ヰ世界情緒",https://findmestore.thinkr.jp/products/ktr-000-0217,https://cdn.shopify.com/s/files/1/0551/7692/1261/files/cd_7e9ff8f0-2157-4b25-be9f-ce08bc60da49.jpg?v=1759129704
ktr-100-0168,【ヰ世界情緒】「Anima Ⅱ -神椿市参番街-」Blu-ray／SINKA LIVE SERIES EP.Ⅰ ヰ世界情緒 2nd ONE-MAN LIVE「Anima Ⅱ」Blu-ray & 3rd ONE-MAN LIVE「Anima Ⅲ」第二弾,8250,False,"fy-18, ヰ世界情緒",https://findmestore.thinkr.jp/products/ktr-100-0168,https://cdn.shopify.com/s/files/1/0551/7692/1261/files/bd_0f41705b-70ba-4ff9-b9bb-471b40adcb40.jpg?v=1722239861
ktr-100-0175,【ヰ世界情緒】「Anima III」Blu-ray／Virtual mini live「Collection Bouquet」& 5th Anniversary & 3rd ONE-MAN LIVE「Anima Ⅲ」Blu-ray,9680,True,"fy-18, ヰ世界情緒",https://findmestore.thinkr.jp/products/ktr-100-0175,https://cdn.shopify.com/s/files/1/0551/7692/1261/files/bd_c32330b8-888a-420f-95ae-07b507bdc441.jpg?v=1733281634
ktr-100-0199,【春猿火×ヰ世界情緒】「神椿報奏部 Pleasure Box」／神椿報奏部 Pleasure Box & OFFICIAL GOODS,16500,True,"fy-19, ヰ世界情緒, 春猿火",https://findmestore.thinkr.jp/products/ktr-100-0199,https://cdn.shopify.com/s/files/1/0551/7692/1261/files/boxset.jpg?v=1747152047
ktr-100-0224,【春猿火×ヰ世界情緒】「Singularity Live Vol.4」Blu-ray／TWO-MAN LIVE「Singularity Live Vol.4」OFFICIAL GOODS 第二弾＆ Blu-ray,9680,True,"fy-19, ヰ世界情緒, 春猿火",https://findmestore.thinkr.jp/products/ktr-100-0224,https://cdn.shopify.com/s/files/1/0551/7692/1261/files/BD_b44dd737-dc65-4f19-9c5c-cadfb8434244.jpg?v=1761739063
ktr-100-0246,【ヰ世界情緒】2DAYS LIVE Blu-ray（Special Box盤 初回生産限定）／ヰ世界情緒 2DAYS LIVE Blu-ray ＆ 復刻おすわりぬいぐるみ,27500,True,"fy-20, ヰ世界情緒",https://findmestore.thinkr.jp/products/ktr-100-0246,https://cdn.shopify.com/s/files/1/0551/7692/1261/files/spjkt_30199bba-138d-4b05-aa44-e715b50c2f61.jpg?v=1784728430
ktr-100-0247,【ヰ世界情緒】2DAYS LIVE Blu-ray（通常盤）／ヰ世界情緒 2DAYS LIVE Blu-ray ＆ 復刻おすわりぬいぐるみ,15400,True,"fy-20, ヰ世界情緒",https://findmestore.thinkr.jp/products/ktr-100-0247,https://cdn.shopify.com/s/files/1/0551/7692/1261/files/normjkt.jpg?v=1784728202
kts-300-0322,【春猿火×ヰ世界情緒】H&I Track Jacket by HARUI（特典ポストカード付き）／KAMITSUBAKI RADIO CLUB VIRTUAL MINI LIVE,28000,True,"fy-18, ヰ世界情緒, 春猿火",https://findmestore.thinkr.jp/products/kts-300-0322,https://cdn.shopify.com/s/files/1/0551/7692/1261/files/3bbce2e3dcebd0b52f40ba679128071b.jpg?v=1728034920
kts-300-0324,【春猿火×ヰ世界情緒】H&I Engagement Ring by HARUI（メッセージカード入り）／KAMITSUBAKI RADIO CLUB VIRTUAL MINI LIVE,13000,False,"fy-18, ヰ世界情緒, 春猿火",https://findmestore.thinkr.jp/products/kts-300-0324,https://cdn.shopify.com/s/files/1/0551/7692/1261/files/ring_0bc3a2de-ea88-4072-87f7-ee8746ec8acb.jpg?v=1727758032
kts-300-0325,【春猿火×ヰ世界情緒】「CALL」額装アート／KAMITSUBAKI RADIO CLUB VIRTUAL MINI LIVE,25000,False,"fy-18, ヰ世界情緒, 春猿火",https://findmestore.thinkr.jp/products/kts-300-0325,https://cdn.shopify.com/s/files/1/0551/7692/1261/files/art_a66ef833-1344-44d1-9f09-ebf62d2a8ab9.jpg?v=1727757368
kts-300-0326,【春猿火×ヰ世界情緒】神椿報奏部スタジオ アクリルジオラマ／KAMITSUBAKI RADIO CLUB VIRTUAL MINI LIVE,7700,False,"fy-18, ヰ世界情緒, 春猿火",https://findmestore.thinkr.jp/products/kts-300-0326,https://cdn.shopify.com/s/files/1/0551/7692/1261/files/2_37a21e8c-5639-4cca-baa7-b190e646df79.jpg?v=1727957661
kts-300-0327,【春猿火×ヰ世界情緒】KVタペストリー／KAMITSUBAKI RADIO CLUB VIRTUAL MINI LIVE,4900,True,"fy-18, ヰ世界情緒, 春猿火",https://findmestore.thinkr.jp/products/kts-300-0327,https://cdn.shopify.com/s/files/1/0551/7692/1261/files/tapestry_f8491cdb-5f0f-4a69-abd6-7303cf5c8366.jpg?v=1727757112
kts-300-0328,【春猿火×ヰ世界情緒】神椿報奏部キーホルダーセット／KAMITSUBAKI RADIO CLUB VIRTUAL MINI LIVE,2700,False,"fy-18, ヰ世界情緒, 春猿火",https://findmestore.thinkr.jp/products/kts-300-0328,https://cdn.shopify.com/s/files/1/0551/7692/1261/files/acrylkey_6f42f533-7f0d-43db-8902-51e7fd934717.jpg?v=1727757207
kts-300-0329,【春猿火×ヰ世界情緒】ランダムスクエア缶バッジ（全12種）／KAMITSUBAKI RADIO CLUB VIRTUAL MINI LIVE,500,False,"fy-18, ヰ世界情緒, 春猿火",https://findmestore.thinkr.jp/products/kts-300-0329,https://cdn.shopify.com/s/files/1/0551/7692/1261/files/71506afa41f32dd8f0570b878b4c8ea9_abbb85ef-a763-4249-936d-351ab1b5e702.jpg?v=1728022285
kts-300-0431,【春猿火×ヰ世界情緒】アクリルジオラマ／神椿報奏部 Pleasure Box & OFFICIAL GOODS,7700,True,"fy-19, ヰ世界情緒, 春猿火",https://findmestore.thinkr.jp/products/kts-300-0431,https://cdn.shopify.com/s/files/1/0551/7692/1261/files/diorama_e48a187c-e1a4-4470-8c3b-4c2a95048d0a.jpg?v=1747151860
kts-300-0432,【春猿火×ヰ世界情緒】台本風ステーショナリーセット／神椿報奏部 Pleasure Box & OFFICIAL GOODS,3800,True,"fy-19, ヰ世界情緒, 春猿火",https://findmestore.thinkr.jp/products/kts-300-0432,https://cdn.shopify.com/s/files/1/0551/7692/1261/files/d763f6a45d8639975807debb910d82e8.jpg?v=1747622781
kts-300-0433,【春猿火×ヰ世界情緒】プリクラ風ステッカーA／神椿報奏部 Pleasure Box & OFFICIAL GOODS,1000,False,"fy-19, ヰ世界情緒, 春猿火",https://findmestore.thinkr.jp/products/kts-300-0433,https://cdn.shopify.com/s/files/1/0551/7692/1261/files/purikuraa.jpg?v=1747151524
kts-300-0434,【春猿火×ヰ世界情緒】プリクラ風ステッカーB／神椿報奏部 Pleasure Box & OFFICIAL GOODS,1000,False,"fy-19, ヰ世界情緒, 春猿火",https://findmestore.thinkr.jp/products/kts-300-0434,https://cdn.shopify.com/s/files/1/0551/7692/1261/files/purikurab.jpg?v=1747151555
kts-300-0483,【春猿火×ヰ世界情緒】Tシャツ ヰ世界情緒 ver.／Singularity Live Vol.4,5000,True,"fy-19, ヰ世界情緒",https://findmestore.thinkr.jp/products/kts-300-0483,https://cdn.shopify.com/s/files/1/0551/7692/1261/files/teeise_530cf4bb-5b95-4df0-b68e-dcc266a29b53.jpg?v=1755054916
kts-300-0487,【春猿火×ヰ世界情緒】ヰ世界情緒ミニライブキット／Singularity Live Vol.4,7000,True,"fy-19, ヰ世界情緒",https://findmestore.thinkr.jp/products/kts-300-0487,https://cdn.shopify.com/s/files/1/0551/7692/1261/files/minisetise.jpg?v=1755053897
kts-300-0489,【春猿火×ヰ世界情緒】マフラータオル ヰ世界情緒 ver.／Singularity Live Vol.4,3000,True,"fy-19, ヰ世界情緒",https://findmestore.thinkr.jp/products/kts-300-0489,https://cdn.shopify.com/s/files/1/0551/7692/1261/files/towelise.jpg?v=1755057904
kts-300-0490,【春猿火×ヰ世界情緒】ペアバングルセット／Singularity Live Vol.4,25000,False,"fy-19, ヰ世界情緒, 春猿火",https://findmestore.thinkr.jp/products/kts-300-0490,https://cdn.shopify.com/s/files/1/0551/7692/1261/files/bangle2_ed5f8520-e34e-4de2-b4e1-b22c827cc949.jpg?v=1755057255
kts-300-0491,【春猿火×ヰ世界情緒】ZIPフーディー／Singularity Live Vol.4,8800,True,"fy-19, ヰ世界情緒, 春猿火",https://findmestore.thinkr.jp/products/kts-300-0491,https://cdn.shopify.com/s/files/1/0551/7692/1261/files/hoodie_d23820cc-65a3-4a6f-8439-2919c7d53c07.jpg?v=1755054227
kts-300-0494,【春猿火×ヰ世界情緒】H&I スタジアムジャケット／Singularity Live Vol.4,17000,True,"fy-19, ヰ世界情緒, 春猿火",https://findmestore.thinkr.jp/products/kts-300-0494,https://cdn.shopify.com/s/files/1/0551/7692/1261/files/stadium.jpg?v=1755054597
kts-300-0497,【春猿火×ヰ世界情緒】アイコンタンブラー／Singularity Live Vol.4,3900,True,"fy-19, ヰ世界情緒, 春猿火",https://findmestore.thinkr.jp/products/kts-300-0497,https://cdn.shopify.com/s/files/1/0551/7692/1261/files/tumbler_c2e14112-d10b-4d5a-a11a-7c3d87551178.jpg?v=1755053847
kts-300-0498,【春猿火×ヰ世界情緒】キービジュアルタペストリー／Singularity Live Vol.4,4900,True,"fy-19, ヰ世界情緒, 春猿火",https://findmestore.thinkr.jp/products/kts-300-0498,https://cdn.shopify.com/s/files/1/0551/7692/1261/files/tapestray_6162e48c-1660-4063-b830-e4d629a40d14.jpg?v=1755053825
kts-300-0499,【春猿火×ヰ世界情緒】3層アクリルアートパネル／Singularity Live Vol.4,7700,True,"fy-19, ヰ世界情緒, 春猿火",https://findmestore.thinkr.jp/products/kts-300-0499,https://cdn.shopify.com/s/files/1/0551/7692/1261/files/3panel.jpg?v=1755054199
kts-300-0500,【春猿火×ヰ世界情緒】刺繍キャップ／Singularity Live Vol.4,4500,True,"fy-19, ヰ世界情緒, 春猿火",https://findmestore.thinkr.jp/products/kts-300-0500,https://cdn.shopify.com/s/files/1/0551/7692/1261/files/cap_b57fa6f9-e0ee-4b78-9957-4355924c7b11.jpg?v=1755053801
kts-300-0501,【春猿火×ヰ世界情緒】ランダムミニ色紙／Singularity Live Vol.4,900,False,"fy-19, ヰ世界情緒, 春猿火",https://findmestore.thinkr.jp/products/kts-300-0501,https://cdn.shopify.com/s/files/1/0551/7692/1261/files/shikishi.jpg?v=1755053778
kts-300-0558,【春猿火×ヰ世界情緒】ミニクッションキーホルダー ヰ世界情緒／TWO-MAN LIVE「Singularity Live Vol.4」OFFICIAL GOODS 第二弾＆ Blu-ray,1300,False,"fy-19, ヰ世界情緒",https://findmestore.thinkr.jp/products/kts-300-0558,https://cdn.shopify.com/s/files/1/0551/7692/1261/files/8d46e2fdde62c384da72ead785203405.jpg?v=1761739540
kts-300-0559,【春猿火×ヰ世界情緒】ホログラム額装アート／TWO-MAN LIVE「Singularity Live Vol.4」OFFICIAL GOODS 第二弾＆ Blu-ray,25000,False,"fy-19, ヰ世界情緒, 春猿火",https://findmestore.thinkr.jp/products/kts-300-0559,https://cdn.shopify.com/s/files/1/0551/7692/1261/files/e3007b2e6c2b9647bee6a1277ae672ee_716f9c5d-1c90-445d-b8d3-e4291d64ca6f.jpg?v=1761739260
kts-300-0561,【春猿火×ヰ世界情緒】オルゴール（CALL）／TWO-MAN LIVE「Singularity Live Vol.4」OFFICIAL GOODS 第二弾＆ Blu-ray,16500,False,"fy-19, ヰ世界情緒, 春猿火",https://findmestore.thinkr.jp/products/kts-300-0561,https://cdn.shopify.com/s/files/1/0551/7692/1261/files/47f649c642bcfe1594fd154ffc2a6ff5.jpg?v=1761739134
kts-300-0589,【春猿火×ヰ世界情緒】ビーズチャーム Produced by ヰ世界情緒／TWO-MAN LIVE「Singularity Live Vol.4」OFFICIAL GOODS 第二弾＆ Blu-ray,3800,False,"fy-19, ヰ世界情緒",https://findmestore.thinkr.jp/products/kts-300-0589,https://cdn.shopify.com/s/files/1/0551/7692/1261/files/1_45042387-abef-441f-8efc-694dc781930a.jpg?v=1761738966
kts-300-0689,【KAMITSUBAKI STUDIO】FMS限定 FES応援セット ヰ世界情緒 ver.／KAMITSUBAKI FES '26 FIELD OF RESONANCE OFFICIAL GOODS,14000,False,"KAMITSUBAKI STUDIO, fy-20",https://findmestore.thinkr.jp/products/kts-300-0689,https://cdn.shopify.com/s/files/1/0551/7692/1261/files/04-1___FES26_FES.jpg?v=1778884533
rim_isekaijyocho_bd_singularity,【理芽×ヰ世界情緒】TWO-MAN LIVE Blu-ray「Singularity Live」,6600,False,"fy-16, ヰ世界情緒, 理芽",https://findmestore.thinkr.jp/products/rim_isekaijyocho_bd_singularity,https://cdn.shopify.com/s/files/1/0551/7692/1261/products/singularittyLive_BD_H1.jpg?v=1663112342
vwp-300-0084,【V.W.P】V.W.P FANTASY ぬいぐるみ／KAMITSUBAKI FES 2023,3850,False,"V.W.P, fy-17, ヰ世界情緒, 幸祜, 春猿火, 理芽, 花譜",https://findmestore.thinkr.jp/products/vwp-300-0084,https://cdn.shopify.com/s/files/1/0551/7692/1261/products/7ad3f38dc1a3f240ae7dfd49a96cdf69.jpg?v=1680315932
ヰ世界情緒-1st-album-創生α,【ヰ世界情緒】1st Album「創生α」,5000,False,"fy-15, ヰ世界情緒",https://findmestore.thinkr.jp/products/ヰ世界情緒-1st-album-創生α,https://cdn.shopify.com/s/files/1/0551/7692/1261/products/a99c42643da13f391c099bd199d52087.jpg?v=1634653462
ヰ世界情緒-1st-album-創生β,【ヰ世界情緒】1st Album「創生β」,5000,True,"fy-15, ヰ世界情緒",https://findmestore.thinkr.jp/products/ヰ世界情緒-1st-album-創生β,https://cdn.shopify.com/s/files/1/0551/7692/1261/products/0faa7d56b8cff48303750c4d4c6185ce.jpg?v=1634654318
ヰ世界情緒-anima-ポスター-1st-one-man-live-anima,【ヰ世界情緒】「Anima」ポスター／1st ONE-MAN LIVE「Anima」,550,False,"fy-15, ヰ世界情緒",https://findmestore.thinkr.jp/products/ヰ世界情緒-anima-ポスター-1st-one-man-live-anima,https://cdn.shopify.com/s/files/1/0551/7692/1261/products/Anima.jpg?v=1630744526
ヰ世界情緒-anima-ライブパンフレット-1st-one-man-live-anima,【ヰ世界情緒】「Anima」ライブパンフレット／1st ONE-MAN LIVE「Anima」,3300,False,"fy-15, ヰ世界情緒",https://findmestore.thinkr.jp/products/ヰ世界情緒-anima-ライブパンフレット-1st-one-man-live-anima,https://cdn.shopify.com/s/files/1/0551/7692/1261/products/Anima_cf28fa76-6b5b-418d-be22-4fdcaab81276.jpg?v=1630744688
ヰ世界情緒-isekaijoucho-anemos-エコバッグ-1st-one-man-live-anima,【ヰ世界情緒】「isekaijoucho&amp;ANEMOS」エコバッグ／1st ONE-MAN LIVE「Anima」,2200,False,"fy-15, ヰ世界情緒",https://findmestore.thinkr.jp/products/ヰ世界情緒-isekaijoucho-anemos-エコバッグ-1st-one-man-live-anima,https://cdn.shopify.com/s/files/1/0551/7692/1261/products/ANEMOS_isekaijoucho_01.jpg?v=1630737499
ヰ世界情緒-sns風キーホルダー,【ヰ世界情緒】SNS風キーホルダー／キャンディライブ2,1300,False,"fy-16, ヰ世界情緒",https://findmestore.thinkr.jp/products/ヰ世界情緒-sns風キーホルダー,https://cdn.shopify.com/s/files/1/0551/7692/1261/products/SK_4449ok.jpg?v=1673448690
ヰ世界情緒-somunia-ヰ世界情緒tシャツ-white-cotd展,【ヰ世界情緒】somunia×ヰ世界情緒Tシャツ／WHITE／「COTD展」,7810,False,"fy-15, somunia, ヰ世界情緒",https://findmestore.thinkr.jp/products/ヰ世界情緒-somunia-ヰ世界情緒tシャツ-white-cotd展,https://cdn.shopify.com/s/files/1/0551/7692/1261/products/94e2566b-3da6-4c17-b0be-4be06b2d5dc5.jpg?v=1663750781
ヰ世界情緒-アクリルアートパネル-singularity-live,【ヰ世界情緒】アクリルアートパネル／Singularity Live,8800,False,"fy-16, ヰ世界情緒",https://findmestore.thinkr.jp/products/ヰ世界情緒-アクリルアートパネル-singularity-live,https://cdn.shopify.com/s/files/1/0551/7692/1261/products/SK_5549ok.jpg?v=1657203506
ヰ世界情緒-アクリルアートパネル2-キャンディライブ2,【ヰ世界情緒】アクリルアートパネル2／キャンディライブ2,8800,False,"fy-16, ヰ世界情緒",https://findmestore.thinkr.jp/products/ヰ世界情緒-アクリルアートパネル2-キャンディライブ2,https://cdn.shopify.com/s/files/1/0551/7692/1261/products/SK_4486ok.jpg?v=1673448826
ヰ世界情緒-アクリルジオラマスタンド-ヰ世界情緒-3rd-anniversary-official-goods,【ヰ世界情緒】アクリルジオラマスタンド／ヰ世界情緒 3rd Anniversary OFFICIAL GOODS,5900,False,"fy-16, ヰ世界情緒",https://findmestore.thinkr.jp/products/ヰ世界情緒-アクリルジオラマスタンド-ヰ世界情緒-3rd-anniversary-official-goods,https://cdn.shopify.com/s/files/1/0551/7692/1261/products/1205egata.jpg?v=1670382031
ヰ世界情緒-アクリルスタンド-ネモフィラ-ver-ヰ世界情緒展,【ヰ世界情緒】アクリルスタンド ネモフィラver.／ヰ世界情緒展,2500,False,"fy-16, ヰ世界情緒",https://findmestore.thinkr.jp/products/ヰ世界情緒-アクリルスタンド-ネモフィラ-ver-ヰ世界情緒展,https://cdn.shopify.com/s/files/1/0551/7692/1261/products/1_708b841f-ff79-49ba-ba97-f239e705d7ef.jpg?v=1662445042
ヰ世界情緒-アニバーサリーネックレス-ヰ世界情緒-3rd-anniversary-official-goods,【ヰ世界情緒】アニバーサリーネックレス／ヰ世界情緒 3rd Anniversary OFFICIAL GOODS,29800,False,"fy-16, ヰ世界情緒",https://findmestore.thinkr.jp/products/ヰ世界情緒-アニバーサリーネックレス-ヰ世界情緒-3rd-anniversary-official-goods,https://cdn.shopify.com/s/files/1/0551/7692/1261/products/a986a736b124ead270d69749677a81b8.jpg?v=1670474410
ヰ世界情緒-アートパネル-ヰ世界情緒展,【ヰ世界情緒】アートパネル／ヰ世界情緒展,13200,False,"fy-16, ヰ世界情緒",https://findmestore.thinkr.jp/products/ヰ世界情緒-アートパネル-ヰ世界情緒展,https://cdn.shopify.com/s/files/1/0551/7692/1261/products/1_cfedbfa7-ad63-4f51-a127-e87ffaf29de5.jpg?v=1662446505
ヰ世界情緒-アートパネル-神椿展,【ヰ世界情緒】アートパネル／神椿展,13200,False,"fy-15, ヰ世界情緒",https://findmestore.thinkr.jp/products/ヰ世界情緒-アートパネル-神椿展,https://cdn.shopify.com/s/files/1/0551/7692/1261/products/R__9070ok.jpg?v=1638191680
ヰ世界情緒-イラストクリアファイルセット-singularity-live,【ヰ世界情緒】イラストクリアファイルセット／Singularity Live,1500,False,"fy-16, ヰ世界情緒",https://findmestore.thinkr.jp/products/ヰ世界情緒-イラストクリアファイルセット-singularity-live,https://cdn.shopify.com/s/files/1/0551/7692/1261/products/SK_7934ok.jpg?v=1657203695
ヰ世界情緒-イラストトートバッグ-キャンディライブ,【ヰ世界情緒】イラストトートバッグ／「キャンディライブ」,4400,False,"fy-15, ヰ世界情緒",https://findmestore.thinkr.jp/products/ヰ世界情緒-イラストトートバッグ-キャンディライブ,https://cdn.shopify.com/s/files/1/0551/7692/1261/products/SK_1831ok.jpg?v=1653876873
ヰ世界情緒-オリジナルオードトワレ-ヰ世界情緒-3rd-anniversary-official-goods,【ヰ世界情緒】オリジナルオードトワレ／ヰ世界情緒 3rd Anniversary OFFICIAL GOODS,6500,False,"fy-16, ヰ世界情緒",https://findmestore.thinkr.jp/products/ヰ世界情緒-オリジナルオードトワレ-ヰ世界情緒-3rd-anniversary-official-goods,https://cdn.shopify.com/s/files/1/0551/7692/1261/products/isekaijoucho_egata.jpg?v=1670297948
ヰ世界情緒-クリエイター作品集-ヰ世界情緒展,【ヰ世界情緒】クリエイター作品集「軌跡」／ヰ世界情緒展,2000,False,"fy-16, ヰ世界情緒",https://findmestore.thinkr.jp/products/ヰ世界情緒-クリエイター作品集-ヰ世界情緒展,https://cdn.shopify.com/s/files/1/0551/7692/1261/products/ISEKAIJOUCHO_KISEKI.jpg?v=1662610259
ヰ世界情緒-グラフィックパーカー-ヰ世界情緒展,【ヰ世界情緒】グラフィックパーカー／ヰ世界情緒展,8800,False,"fy-16, ヰ世界情緒",https://findmestore.thinkr.jp/products/ヰ世界情緒-グラフィックパーカー-ヰ世界情緒展,https://cdn.shopify.com/s/files/1/0551/7692/1261/products/1_8af82769-e535-4f90-b4eb-0e88e494ff78.jpg?v=1662513854
ヰ世界情緒-ゴミダスフレークシール-ヰ世界情緒展,【ヰ世界情緒】ゴミダスフレークシール／ヰ世界情緒展,1000,False,"fy-16, ヰ世界情緒",https://findmestore.thinkr.jp/products/ヰ世界情緒-ゴミダスフレークシール-ヰ世界情緒展,https://cdn.shopify.com/s/files/1/0551/7692/1261/products/1_187c7686-4e16-45d3-9fb8-78319b3ff3ed.jpg?v=1662861694
ヰ世界情緒-サーモタンブラー-singularity-live,【ヰ世界情緒】サーモタンブラー／Singularity Live,3500,False,"fy-16, ヰ世界情緒",https://findmestore.thinkr.jp/products/ヰ世界情緒-サーモタンブラー-singularity-live,https://cdn.shopify.com/s/files/1/0551/7692/1261/products/SK_5559ok.jpg?v=1657196598
ヰ世界情緒-ジクレーアート-ヰ世界情緒-ver-ヰ世界情緒展,【ヰ世界情緒】ジクレーアート ヰ世界情緒ver.／ヰ世界情緒展,66000,False,"fy-16, ヰ世界情緒",https://findmestore.thinkr.jp/products/ヰ世界情緒-ジクレーアート-ヰ世界情緒-ver-ヰ世界情緒展,https://cdn.shopify.com/s/files/1/0551/7692/1261/products/20c9496246846c0df1faf944b03758af.jpg?v=1662861757
ヰ世界情緒-ジクレーアート-ヰ世界情緒展,【ヰ世界情緒】ジクレーアート れおえんver.／ヰ世界情緒展,66000,False,"fy-16, ヰ世界情緒",https://findmestore.thinkr.jp/products/ヰ世界情緒-ジクレーアート-ヰ世界情緒展,https://cdn.shopify.com/s/files/1/0551/7692/1261/products/6d16817c5dbefb095f5fc6b1a9e03adb.jpg?v=1662846237
ヰ世界情緒-ステッカーセット2-1st-one-man-live-anima,【ヰ世界情緒】ステッカーセット2／1st ONE-MAN LIVE「Anima」,1650,False,"fy-15, ヰ世界情緒",https://findmestore.thinkr.jp/products/ヰ世界情緒-ステッカーセット2-1st-one-man-live-anima,https://cdn.shopify.com/s/files/1/0551/7692/1261/products/2.jpg?v=1634693666
ヰ世界情緒-ダイカットキーケース-ヰ世界情緒-3rd-anniversary-official-goods,【ヰ世界情緒】ダイカットキーケース／ヰ世界情緒 3rd Anniversary OFFICIAL GOODS,3500,False,"fy-16, ヰ世界情緒",https://findmestore.thinkr.jp/products/ヰ世界情緒-ダイカットキーケース-ヰ世界情緒-3rd-anniversary-official-goods,https://cdn.shopify.com/s/files/1/0551/7692/1261/products/1_7adc6796-9487-41bc-a3f4-3219660351b7.jpg?v=1670297884
ヰ世界情緒-バックパック-singularity-live,【ヰ世界情緒】バックパック／Singularity Live,9500,False,"fy-16, ヰ世界情緒",https://findmestore.thinkr.jp/products/ヰ世界情緒-バックパック-singularity-live,https://cdn.shopify.com/s/files/1/0551/7692/1261/products/0706___01_9b7b4e36-6bcd-48df-9787-8efb16389d78.jpg?v=1657195837
ヰ世界情緒-ビジュアルクリアケース-ヰ世界情緒展,【ヰ世界情緒】ビジュアルクリアケース／ヰ世界情緒展,1100,False,"fy-16, ヰ世界情緒",https://findmestore.thinkr.jp/products/ヰ世界情緒-ビジュアルクリアケース-ヰ世界情緒展,https://cdn.shopify.com/s/files/1/0551/7692/1261/products/1_7a2b6ab1-fc0c-4a21-ae22-1a9e3b719370.jpg?v=1662445449
ヰ世界情緒-ポストカードセット-ヰ世界情緒展,【ヰ世界情緒】ポストカードセット／ヰ世界情緒展,1500,False,"fy-16, ヰ世界情緒",https://findmestore.thinkr.jp/products/ヰ世界情緒-ポストカードセット-ヰ世界情緒展,https://cdn.shopify.com/s/files/1/0551/7692/1261/products/362f0e0afbeb3bf8f61827a7448ea066.jpg?v=1662711974
ヰ世界情緒-ミニクッション-魔女展-1,【ヰ世界情緒】ミニクッション／「魔女展」,4180,False,"fy-15, ヰ世界情緒",https://findmestore.thinkr.jp/products/ヰ世界情緒-ミニクッション-魔女展-1,https://cdn.shopify.com/s/files/1/0551/7692/1261/products/1_c0fc5257-2e24-4728-9f94-1e2fb1d2e266.jpg?v=1628592960
ヰ世界情緒-ミニクッション2-1st-one-man-live-anima,【ヰ世界情緒】ミニクッション2／1st ONE-MAN LIVE「Anima」,4180,False,"fy-15, ヰ世界情緒",https://findmestore.thinkr.jp/products/ヰ世界情緒-ミニクッション2-1st-one-man-live-anima,https://cdn.shopify.com/s/files/1/0551/7692/1261/products/2_db43102b-b0c0-4218-bd46-d63477f98578.jpg?v=1634693770
ヰ世界情緒-ミニクッション3-ヰ世界情緒展,【ヰ世界情緒】ミニクッション3／ヰ世界情緒展,4200,False,"fy-16, ヰ世界情緒",https://findmestore.thinkr.jp/products/ヰ世界情緒-ミニクッション3-ヰ世界情緒展,https://cdn.shopify.com/s/files/1/0551/7692/1261/products/1_461b4279-47b8-4f31-bb39-1ebd9fd49914.jpg?v=1662861794
ヰ世界情緒-ランダムミニアクリルキーホルダー-コミックマーケット101出展記念,【ヰ世界情緒】ランダムミニアクリルキーホルダー／コミックマーケット101出展記念,500,False,"fy-16, ヰ世界情緒",https://findmestore.thinkr.jp/products/ヰ世界情緒-ランダムミニアクリルキーホルダー-コミックマーケット101出展記念,https://cdn.shopify.com/s/files/1/0551/7692/1261/products/SK_4389ok.jpg?v=1673244347
ヰ世界情緒-ランダム缶バッジ-1st-one-man-live-anima,【ヰ世界情緒】ランダム缶バッジ／1st ONE-MAN LIVE「Anima」,440,False,"fy-15, ヰ世界情緒",https://findmestore.thinkr.jp/products/ヰ世界情緒-ランダム缶バッジ-1st-one-man-live-anima,https://cdn.shopify.com/s/files/1/0551/7692/1261/products/10eb461fe917418b77bede6f651dd07b.jpg?v=1634988424
ヰ世界情緒-ランダム缶バッジ2-ヰ世界情緒展,【ヰ世界情緒】ランダム缶バッジ2／ヰ世界情緒展,440,False,"fy-16, ヰ世界情緒",https://findmestore.thinkr.jp/products/ヰ世界情緒-ランダム缶バッジ2-ヰ世界情緒展,https://cdn.shopify.com/s/files/1/0551/7692/1261/products/0fc1d415176ae09ace6e6c75a9a31075.jpg?v=1662861829
ヰ世界情緒-リングショルダーバッグ-ヰ世界情緒展,【ヰ世界情緒】リングショルダーバッグ／ヰ世界情緒展,3600,False,"fy-16, ヰ世界情緒",https://findmestore.thinkr.jp/products/ヰ世界情緒-リングショルダーバッグ-ヰ世界情緒展,https://cdn.shopify.com/s/files/1/0551/7692/1261/products/59e4e91b385f000532c31ac3cb660f6b.jpg?v=1662447054
ヰ世界情緒-リール付きパスケース-singularity-live,【ヰ世界情緒】リール付きパスケース／Singularity Live,2800,False,"fy-16, ヰ世界情緒",https://findmestore.thinkr.jp/products/ヰ世界情緒-リール付きパスケース-singularity-live,https://cdn.shopify.com/s/files/1/0551/7692/1261/products/SK_5449ok.jpg?v=1657340982
ヰ世界情緒-ヰ世界情緒作品集-ヰ世界情緒展,【ヰ世界情緒】ヰ世界情緒作品集「息吹」／ヰ世界情緒展,2000,False,"fy-16, ヰ世界情緒",https://findmestore.thinkr.jp/products/ヰ世界情緒-ヰ世界情緒作品集-ヰ世界情緒展,https://cdn.shopify.com/s/files/1/0551/7692/1261/products/ISEKAIJOUCHO_IBUKI.jpg?v=1662610142
ヰ世界情緒-ヰ世界情緒作品集-息吹-connecting-world-コミックマーケット101出展記念,【ヰ世界情緒】ヰ世界情緒作品集「息吹 - connecting world - 」／コミックマーケット101出展記念,2500,False,"fy-16, ヰ世界情緒",https://findmestore.thinkr.jp/products/ヰ世界情緒-ヰ世界情緒作品集-息吹-connecting-world-コミックマーケット101出展記念,https://cdn.shopify.com/s/files/1/0551/7692/1261/products/221215_ISEKAIJOUCHO_IBUKI_H1_H4.OL.jpg?v=1673069959
ヰ世界情緒-ヰ世界情緒展タペストリー-ヰ世界情緒展,【ヰ世界情緒】ヰ世界情緒展タペストリー／ヰ世界情緒展,3900,False,"fy-16, ヰ世界情緒",https://findmestore.thinkr.jp/products/ヰ世界情緒-ヰ世界情緒展タペストリー-ヰ世界情緒展,https://cdn.shopify.com/s/files/1/0551/7692/1261/products/faab895578dbee9a82d658b2bd555b48_3aa44e8f-7f93-484f-8d64-7b947105373b.jpg?v=1662861852
ヰ世界情緒-刺繍tシャツ-ブラック-singularity-live,【ヰ世界情緒】刺繍Tシャツ／ブラック／Singularity Live,4900,False,"fy-16, ヰ世界情緒",https://findmestore.thinkr.jp/products/ヰ世界情緒-刺繍tシャツ-ブラック-singularity-live,https://cdn.shopify.com/s/files/1/0551/7692/1261/products/SK_7926ok.jpg?v=1657341238
ヰ世界情緒-刺繍tシャツ-ホワイト-singularity-live,【ヰ世界情緒】刺繍Tシャツ／ホワイト／Singularity Live,4900,False,"fy-16, ヰ世界情緒",https://findmestore.thinkr.jp/products/ヰ世界情緒-刺繍tシャツ-ホワイト-singularity-live,https://cdn.shopify.com/s/files/1/0551/7692/1261/products/SK_7922ok.jpg?v=1657342010
ヰ世界情緒-刺繍キャップ-singularity-live,【ヰ世界情緒】刺繍キャップ／Singularity Live,3900,False,"fy-16, ヰ世界情緒",https://findmestore.thinkr.jp/products/ヰ世界情緒-刺繍キャップ-singularity-live,https://cdn.shopify.com/s/files/1/0551/7692/1261/products/0706___01.jpg?v=1657342439
ヰ世界情緒-刺繍マルチポーチ-singularity-live,【ヰ世界情緒】刺繍マルチポーチ／Singularity Live,3000,False,"fy-16, ヰ世界情緒",https://findmestore.thinkr.jp/products/ヰ世界情緒-刺繍マルチポーチ-singularity-live,https://cdn.shopify.com/s/files/1/0551/7692/1261/products/0706___01_3013f16f-d889-4a3d-a717-bce4d3981fb4.jpg?v=1657343251
ヰ世界情緒-創生-バックプリントスウェットトップ-1st-album-創生,【ヰ世界情緒】「創生」スウェットトップス／1st Album「創生」,7700,False,"fy-15, ヰ世界情緒",https://findmestore.thinkr.jp/products/ヰ世界情緒-創生-バックプリントスウェットトップ-1st-album-創生,https://cdn.shopify.com/s/files/1/0551/7692/1261/products/jpg.jpg?v=1634799420
ヰ世界情緒-衣装-アネモネ-コスチュームブルゾン-ヰ世界情緒-3rd-anniversary-official-goods,【ヰ世界情緒】ブルゾン アネモネver.／ヰ世界情緒 3rd Anniversary OFFICIAL GOODS,28500,False,"fy-16, ヰ世界情緒",https://findmestore.thinkr.jp/products/ヰ世界情緒-衣装-アネモネ-コスチュームブルゾン-ヰ世界情緒-3rd-anniversary-official-goods,https://cdn.shopify.com/s/files/1/0551/7692/1261/products/SK_2246ok.jpg?v=1670372655
春猿火-ヰ世界情緒-oresama-ficty-kamitsubakiクリアファイルセット-cotd展,【春猿火】【ヰ世界情緒】【ORESAMA】Ficty×KAMITSUBAKIクリアファイルセット／「COTD展」,1320,False,"ORESAMA, fy-15, ヰ世界情緒, 春猿火",https://findmestore.thinkr.jp/products/春猿火-ヰ世界情緒-oresama-ficty-kamitsubakiクリアファイルセット-cotd展,https://cdn.shopify.com/s/files/1/0551/7692/1261/products/333fda2e-336b-4658-a2e2-d860bdb83591_base_resized.jpg?v=1663747961
理芽-ヰ世界情緒-singularity-live-tシャツ-singularity-live,【理芽×ヰ世界情緒】「Singularity Live」Tシャツ／Singularity Live,4200,False,"fy-16, ヰ世界情緒, 理芽",https://findmestore.thinkr.jp/products/理芽-ヰ世界情緒-singularity-live-tシャツ-singularity-live,https://cdn.shopify.com/s/files/1/0551/7692/1261/products/sin_rim_isekai.jpg?v=1668128854
理芽-ヰ世界情緒-キービジュアルポスター-singularity-live,【理芽×ヰ世界情緒】キービジュアルポスター／Singularity Live,550,False,"fy-16, ヰ世界情緒, 理芽",https://findmestore.thinkr.jp/products/理芽-ヰ世界情緒-キービジュアルポスター-singularity-live,https://cdn.shopify.com/s/files/1/0551/7692/1261/products/singularittylive_B2poster_gera_0616.jpg?v=1657270474
理芽-ヰ世界情緒-キービジュアルポスター-singularity-live-1,【理芽×ヰ世界情緒】ランダム缶バッジ／Singularity Live,500,False,"fy-16, ヰ世界情緒, 理芽",https://findmestore.thinkr.jp/products/理芽-ヰ世界情緒-キービジュアルポスター-singularity-live-1,https://cdn.shopify.com/s/files/1/0551/7692/1261/products/SK_5493ok.jpg?v=1657205100
