handle,title,visible,first_seen,last_seen,first_price,last_price,first_available,last_available,first_tags,last_tags,url
ise-200-0170,【ヰ世界情緒】「Anima」デジタルライブパンフレット,True,2026-08-30T01:17:10.908460+00:00,2026-08-30T01:17:10.908460+00:00,2300,2300,True,True,"fy-18, ヰ世界情緒","fy-18, ヰ世界情緒",https://findmestore.thinkr.jp/products/ise-200-0170
ise-300-0003,【ヰ世界情緒】「isekaijoucho&ANEMOS」パーカー／BLACK／2DAYS LIVE DAY1「Flower Closet」 DAY2「Anima Re:birth」OFFICIAL GOODS,True,2026-08-30T01:17:10.908460+00:00,2026-08-30T01:17:10.908460+00:00,8800,8800,True,True,"fy-20, ヰ世界情緒","fy-20, ヰ世界情緒",https://findmestore.thinkr.jp/products/ise-300-0003
ise-300-0005,【ヰ世界情緒】「isekaijoucho&ANEMOS」パーカー／WHITE／2DAYS LIVE DAY1「Flower Closet」 DAY2「Anima Re:birth」OFFICIAL GOODS,True,2026-08-30T01:17:10.908460+00:00,2026-08-30T01:17:10.908460+00:00,8800,8800,True,True,"fy-20, ヰ世界情緒","fy-20, ヰ世界情緒",https://findmestore.thinkr.jp/products/ise-300-0005
ise-300-0011,【ヰ世界情緒】アクリルスタンド ジオラマドラマver.／2DAYS LIVE DAY1「Flower Closet」 DAY2「Anima Re:birth」OFFICIAL GOODS,True,2026-08-30T01:17:10.908460+00:00,2026-08-30T01:17:10.908460+00:00,2750,2750,False,False,"fy-20, ヰ世界情緒","fy-20, ヰ世界情緒",https://findmestore.thinkr.jp/products/ise-300-0011
ise-300-0012,【ヰ世界情緒】アクリルスタンド 蜜月アン・ドゥ・トロワ ver.／2DAYS LIVE DAY1「Flower Closet」 DAY2「Anima Re:birth」OFFICIAL GOODS,True,2026-08-30T01:17:10.908460+00:00,2026-08-30T01:17:10.908460+00:00,2750,2750,False,False,"fy-20, ヰ世界情緒","fy-20, ヰ世界情緒",https://findmestore.thinkr.jp/products/ise-300-0012
ise-300-0059,【ヰ世界情緒】シンギュラリティーのひ ヰ世界情緒 Tシャツ／KAMITSUBAKI FES 2023,True,2026-08-30T01:17:10.908460+00:00,2026-08-30T01:17:10.908460+00:00,5500,5500,False,False,"fy-17, ヰ世界情緒","fy-17, ヰ世界情緒",https://findmestore.thinkr.jp/products/ise-300-0059
ise-300-0065,【ヰ世界情緒】フルグラフィックTシャツ／Virtual mini live「parallel canvas」,True,2026-08-30T01:17:10.908460+00:00,2026-08-30T01:17:10.908460+00:00,6900,6900,False,False,"fy-17, ヰ世界情緒","fy-17, ヰ世界情緒",https://findmestore.thinkr.jp/products/ise-300-0065
ise-300-0066,【ヰ世界情緒】マフラータオル／Virtual mini live「parallel canvas」,True,2026-08-30T01:17:10.908460+00:00,2026-08-30T01:17:10.908460+00:00,3600,3600,False,False,"fy-17, ヰ世界情緒","fy-17, ヰ世界情緒",https://findmestore.thinkr.jp/products/ise-300-0066
ise-300-0067,【ヰ世界情緒】タペストリー／Virtual mini live「parallel canvas」,True,2026-08-30T01:17:10.908460+00:00,2026-08-30T01:17:10.908460+00:00,3900,3900,False,False,"fy-17, ヰ世界情緒","fy-17, ヰ世界情緒",https://findmestore.thinkr.jp/products/ise-300-0067
ise-300-0068,【ヰ世界情緒】parallel canvasグッズセット（特典付き）／Virtual mini live「parallel canvas」,True,2026-08-30T01:17:10.908460+00:00,2026-08-30T01:17:10.908460+00:00,15000,15000,False,False,"fy-17, ヰ世界情緒","fy-17, ヰ世界情緒",https://findmestore.thinkr.jp/products/ise-300-0068
ise-300-0069,【ヰ世界情緒】ランダムブロマイド（3枚入り）／Virtual mini live「parallel canvas」,True,2026-08-30T01:17:10.908460+00:00,2026-08-30T01:17:10.908460+00:00,850,850,False,False,"fy-17, ヰ世界情緒","fy-17, ヰ世界情緒",https://findmestore.thinkr.jp/products/ise-300-0069
ise-300-0070,【ヰ世界情緒】おすわりぬいぐるみ アネモネ ver.／ヰ世界情緒 2DAYS LIVE Blu-ray ＆ 復刻おすわりぬいぐるみ,True,2026-08-30T01:17:10.908460+00:00,2026-08-30T01:17:10.908460+00:00,4500,4500,True,True,"fy-20, ヰ世界情緒","fy-20, ヰ世界情緒",https://findmestore.thinkr.jp/products/ise-300-0070
ise-300-0071,【ヰ世界情緒】おすわりぬいぐるみ ネモフィラ ver.／ヰ世界情緒 2DAYS LIVE Blu-ray ＆ 復刻おすわりぬいぐるみ,True,2026-08-30T01:17:10.908460+00:00,2026-08-30T01:17:10.908460+00:00,4500,4500,True,True,"fy-20, ヰ世界情緒","fy-20, ヰ世界情緒",https://findmestore.thinkr.jp/products/ise-300-0071
ise-300-0072,【ヰ世界情緒】オルゴール（シリウスの心臓）／SINKA LIVE SERIES EP.Ⅰ ヰ世界情緒,True,2026-08-30T01:17:10.908460+00:00,2026-08-30T01:17:10.908460+00:00,16500,16500,False,False,"fy-17, ヰ世界情緒","fy-17, ヰ世界情緒",https://findmestore.thinkr.jp/products/ise-300-0072
ise-300-0073,【ヰ世界情緒】Tシャツ／WHITE／SINKA LIVE SERIES EP.Ⅰ ヰ世界情緒,True,2026-08-30T01:17:10.908460+00:00,2026-08-30T01:17:10.908460+00:00,4900,4900,False,False,"fy-17, ヰ世界情緒","fy-17, ヰ世界情緒",https://findmestore.thinkr.jp/products/ise-300-0073
ise-300-0076,【ヰ世界情緒】Tシャツ／BLACK／SINKA LIVE SERIES EP.Ⅰ ヰ世界情緒,True,2026-08-30T01:17:10.908460+00:00,2026-08-30T01:17:10.908460+00:00,4500,4500,False,False,"fy-17, ヰ世界情緒","fy-17, ヰ世界情緒",https://findmestore.thinkr.jp/products/ise-300-0076
ise-300-0079,【ヰ世界情緒】アクリルスタンド Anima Ⅱ ver.／SINKA LIVE SERIES EP.Ⅰ ヰ世界情緒,True,2026-08-30T01:17:10.908460+00:00,2026-08-30T01:17:10.908460+00:00,2500,2500,False,False,"fy-17, ヰ世界情緒","fy-17, ヰ世界情緒",https://findmestore.thinkr.jp/products/ise-300-0079
ise-300-0080,【ヰ世界情緒】ランダムラバーキーホルダー（全6種）／SINKA LIVE SERIES EP.Ⅰ ヰ世界情緒,True,2026-08-30T01:17:10.908460+00:00,2026-08-30T01:17:10.908460+00:00,880,880,False,False,"fy-17, ヰ世界情緒","fy-17, ヰ世界情緒",https://findmestore.thinkr.jp/products/ise-300-0080
ise-300-0081,【ヰ世界情緒】ペアパスタプレート／SINKA LIVE SERIES EP.Ⅰ ヰ世界情緒,True,2026-08-30T01:17:10.908460+00:00,2026-08-30T01:17:10.908460+00:00,4600,4600,False,False,"fy-17, ヰ世界情緒","fy-17, ヰ世界情緒",https://findmestore.thinkr.jp/products/ise-300-0081
ise-300-0082,【ヰ世界情緒】メタルアートパネル（シリアルナンバー入り）／SINKA LIVE SERIES EP.Ⅰ ヰ世界情緒,True,2026-08-30T01:17:10.908460+00:00,2026-08-30T01:17:10.908460+00:00,23000,23000,False,False,"fy-17, ヰ世界情緒","fy-17, ヰ世界情緒",https://findmestore.thinkr.jp/products/ise-300-0082
ise-300-0083,【ヰ世界情緒】ステッカーセット／SINKA LIVE SERIES EP.Ⅰ ヰ世界情緒,True,2026-08-30T01:17:10.908460+00:00,2026-08-30T01:17:10.908460+00:00,1600,1600,False,False,"fy-17, ヰ世界情緒","fy-17, ヰ世界情緒",https://findmestore.thinkr.jp/products/ise-300-0083
ise-300-0084,【ヰ世界情緒】ショルダーバッグ／SINKA LIVE SERIES EP.Ⅰ ヰ世界情緒,True,2026-08-30T01:17:10.908460+00:00,2026-08-30T01:17:10.908460+00:00,8700,8700,False,False,"fy-17, ヰ世界情緒","fy-17, ヰ世界情緒",https://findmestore.thinkr.jp/products/ise-300-0084
ise-300-0085,【ヰ世界情緒】ネモフィラキーリング／SINKA LIVE SERIES EP.Ⅰ ヰ世界情緒,True,2026-08-30T01:17:10.908460+00:00,2026-08-30T01:17:10.908460+00:00,1600,1600,False,False,"fy-17, ヰ世界情緒","fy-17, ヰ世界情緒",https://findmestore.thinkr.jp/products/ise-300-0085
ise-300-0086,【ヰ世界情緒】クリアファイルセット／SINKA LIVE SERIES EP.Ⅰ ヰ世界情緒,True,2026-08-30T01:17:10.908460+00:00,2026-08-30T01:17:10.908460+00:00,1200,1200,False,False,"fy-17, ヰ世界情緒","fy-17, ヰ世界情緒",https://findmestore.thinkr.jp/products/ise-300-0086
ise-300-0087,【ヰ世界情緒】ビジュアルマルチクロス／SINKA LIVE SERIES EP.Ⅰ ヰ世界情緒,True,2026-08-30T01:17:10.908460+00:00,2026-08-30T01:17:10.908460+00:00,3800,3800,False,False,"fy-17, ヰ世界情緒","fy-17, ヰ世界情緒",https://findmestore.thinkr.jp/products/ise-300-0087
ise-300-0089,【ヰ世界情緒】マグカップ＆コースターセット／Virtual mini live「parallel canvas Ⅱ」,True,2026-08-30T01:17:10.908460+00:00,2026-08-30T01:17:10.908460+00:00,2800,2800,False,False,"fy-17, ヰ世界情緒","fy-17, ヰ世界情緒",https://findmestore.thinkr.jp/products/ise-300-0089
ise-300-0090,【ヰ世界情緒】キャンディーアクリルキーホルダー／Virtual mini live「parallel canvas Ⅱ」,True,2026-08-30T01:17:10.908460+00:00,2026-08-30T01:17:10.908460+00:00,1300,1300,False,False,"fy-17, ヰ世界情緒","fy-17, ヰ世界情緒",https://findmestore.thinkr.jp/products/ise-300-0090
ise-300-0091,【ヰ世界情緒】アンティーク風 懐中時計／Virtual mini live「parallel canvas Ⅱ」,True,2026-08-30T01:17:10.908460+00:00,2026-08-30T01:17:10.908460+00:00,16500,16500,False,False,"fy-17, ヰ世界情緒","fy-17, ヰ世界情緒",https://findmestore.thinkr.jp/products/ise-300-0091
ise-300-0092,【ヰ世界情緒】ジップアップパーカー／Virtual mini live「parallel canvas Ⅱ」,True,2026-08-30T01:17:10.908460+00:00,2026-08-30T01:17:10.908460+00:00,9800,9800,False,False,"fy-17, ヰ世界情緒","fy-17, ヰ世界情緒",https://findmestore.thinkr.jp/products/ise-300-0092
ise-300-0095,【ヰ世界情緒】アロマキャンドル／Virtual mini live「parallel canvas Ⅱ」,True,2026-08-30T01:17:10.908460+00:00,2026-08-30T01:17:10.908460+00:00,3400,3400,False,False,"fy-17, ヰ世界情緒","fy-17, ヰ世界情緒",https://findmestore.thinkr.jp/products/ise-300-0095
ise-300-0096,【ヰ世界情緒】アクリルスタンド／Virtual mini live「parallel canvas Ⅱ」,True,2026-08-30T01:17:10.908460+00:00,2026-08-30T01:17:10.908460+00:00,2500,2500,False,False,"fy-17, ヰ世界情緒","fy-17, ヰ世界情緒",https://findmestore.thinkr.jp/products/ise-300-0096
ise-300-0097,【ヰ世界情緒】アクリルフォトスタンド／Virtual mini live「parallel canvas Ⅱ」,True,2026-08-30T01:17:10.908460+00:00,2026-08-30T01:17:10.908460+00:00,6600,6600,False,False,"fy-17, ヰ世界情緒","fy-17, ヰ世界情緒",https://findmestore.thinkr.jp/products/ise-300-0097
ise-300-0098,【ヰ世界情緒】きぐるみ付きミニクッションマスコット／Virtual mini live「parallel canvas Ⅱ」,True,2026-08-30T01:17:10.908460+00:00,2026-08-30T01:17:10.908460+00:00,2900,2900,False,False,"fy-17, ヰ世界情緒","fy-17, ヰ世界情緒",https://findmestore.thinkr.jp/products/ise-300-0098
ise-300-0099,【ヰ世界情緒】リバーシブルブランケット／Virtual mini live「parallel canvas Ⅱ」,True,2026-08-30T01:17:10.908460+00:00,2026-08-30T01:17:10.908460+00:00,4000,4000,False,False,"fy-17, ヰ世界情緒","fy-17, ヰ世界情緒",https://findmestore.thinkr.jp/products/ise-300-0099
ise-300-0101,【ヰ世界情緒】オリジナルブルゾン ネモフィラ ver.／2nd Album「色彩」& 4th Anniversary & ヰ世界電子通信部 OFFICIAL GOODS,True,2026-08-30T01:17:10.908460+00:00,2026-08-30T01:17:10.908460+00:00,33000,33000,False,False,"fy-18, ヰ世界情緒","fy-18, ヰ世界情緒",https://findmestore.thinkr.jp/products/ise-300-0101
ise-300-0103,【ヰ世界情緒】アートフラワーディフューザー produced by ISEKAIJOUCHO／2nd Album「色彩」& 4th Anniversary & ヰ世界電子通信部 OFFICIAL GOODS,True,2026-08-30T01:17:10.908460+00:00,2026-08-30T01:17:10.908460+00:00,5800,5800,False,False,"fy-17, ヰ世界情緒","fy-17, ヰ世界情緒",https://findmestore.thinkr.jp/products/ise-300-0103
ise-300-0104,【ヰ世界情緒】デザインフレームアート（シリアルナンバー入り）／2nd Album「色彩」& 4th Anniversary & ヰ世界電子通信部 OFFICIAL GOODS,True,2026-08-30T01:17:10.908460+00:00,2026-08-30T01:17:10.908460+00:00,32000,32000,False,False,"fy-17, ヰ世界情緒","fy-17, ヰ世界情緒",https://findmestore.thinkr.jp/products/ise-300-0104
ise-300-0105,【ヰ世界情緒】4th Anniversary リング／2nd Album「色彩」& 4th Anniversary & ヰ世界電子通信部 OFFICIAL GOODS,True,2026-08-30T01:17:10.908460+00:00,2026-08-30T01:17:10.908460+00:00,19800,19800,False,False,"fy-17, ヰ世界情緒","fy-17, ヰ世界情緒",https://findmestore.thinkr.jp/products/ise-300-0105
ise-300-0106,【ヰ世界情緒】「色彩」缶バッジセット（2個）／2nd Album「色彩」& 4th Anniversary & ヰ世界電子通信部 OFFICIAL GOODS,True,2026-08-30T01:17:10.908460+00:00,2026-08-30T01:17:10.908460+00:00,1000,1000,False,False,"fy-17, ヰ世界情緒","fy-17, ヰ世界情緒",https://findmestore.thinkr.jp/products/ise-300-0106
ise-300-0107,【ヰ世界情緒】ヰ世界電子通信部　卓上カレンダー／2nd Album「色彩」& 4th Anniversary & ヰ世界電子通信部 OFFICIAL GOODS,True,2026-08-30T01:17:10.908460+00:00,2026-08-30T01:17:10.908460+00:00,2600,2600,False,False,"fy-17, ヰ世界情緒","fy-17, ヰ世界情緒",https://findmestore.thinkr.jp/products/ise-300-0107
ise-300-0108,【ヰ世界情緒】ヰ世界電子通信部　ロングスリーブTシャツ／2nd Album「色彩」& 4th Anniversary & ヰ世界電子通信部 OFFICIAL GOODS,True,2026-08-30T01:17:10.908460+00:00,2026-08-30T01:17:10.908460+00:00,4850,4850,False,False,"fy-17, ヰ世界情緒","fy-17, ヰ世界情緒",https://findmestore.thinkr.jp/products/ise-300-0108
ise-300-0111,【ヰ世界情緒】ヰ世界電子通信部　ディスプレイ風アクリルスタンド／2nd Album「色彩」& 4th Anniversary & ヰ世界電子通信部 OFFICIAL GOODS,True,2026-08-30T01:17:10.908460+00:00,2026-08-30T01:17:10.908460+00:00,2600,2600,False,False,"fy-17, ヰ世界情緒","fy-17, ヰ世界情緒",https://findmestore.thinkr.jp/products/ise-300-0111
ise-300-0112,【ヰ世界情緒】ヰ世界電子通信部　ルームキーホルダー／2nd Album「色彩」& 4th Anniversary & ヰ世界電子通信部 OFFICIAL GOODS,True,2026-08-30T01:17:10.908460+00:00,2026-08-30T01:17:10.908460+00:00,1300,1300,False,False,"fy-17, ヰ世界情緒","fy-17, ヰ世界情緒",https://findmestore.thinkr.jp/products/ise-300-0112
ise-300-0117,【ヰ世界情緒】「project canvas ～ヰ世界情緒育成計画～」スペシャルグッズセット／「project canvas ～ヰ世界情緒育成計画～」OFFICIAL GOODS,True,2026-08-30T01:17:10.908460+00:00,2026-08-30T01:17:10.908460+00:00,18500,18500,False,False,"fy-18, ヰ世界情緒","fy-18, ヰ世界情緒",https://findmestore.thinkr.jp/products/ise-300-0117
ise-300-0118,【ヰ世界情緒】「project canvas ～ヰ世界情緒育成計画～」タペストリー／「project canvas ～ヰ世界情緒育成計画～」OFFICIAL GOODS,True,2026-08-30T01:17:10.908460+00:00,2026-08-30T01:17:10.908460+00:00,3900,3900,False,False,"fy-18, ヰ世界情緒","fy-18, ヰ世界情緒",https://findmestore.thinkr.jp/products/ise-300-0118
ise-300-0119,【ヰ世界情緒】「project canvas ～ヰ世界情緒育成計画～」リバーシブルアクリルスタンド／「project canvas ～ヰ世界情緒育成計画～」OFFICIAL GOODS,True,2026-08-30T01:17:10.908460+00:00,2026-08-30T01:17:10.908460+00:00,2900,2900,False,False,"fy-18, ヰ世界情緒","fy-18, ヰ世界情緒",https://findmestore.thinkr.jp/products/ise-300-0119
ise-300-0120,【ヰ世界情緒】ステンドグラスキーホルダー／「project canvas ～ヰ世界情緒育成計画～」OFFICIAL GOODS,True,2026-08-30T01:17:10.908460+00:00,2026-08-30T01:17:10.908460+00:00,3400,3400,False,False,"fy-18, ヰ世界情緒","fy-18, ヰ世界情緒",https://findmestore.thinkr.jp/products/ise-300-0120
ise-300-0121,【ヰ世界情緒】グラスマグカップ／「project canvas ～ヰ世界情緒育成計画～」OFFICIAL GOODS,True,2026-08-30T01:17:10.908460+00:00,2026-08-30T01:17:10.908460+00:00,2400,2400,False,False,"fy-18, ヰ世界情緒","fy-18, ヰ世界情緒",https://findmestore.thinkr.jp/products/ise-300-0121
ise-300-0122,【ヰ世界情緒】pixel art Tシャツ ／「project canvas ～ヰ世界情緒育成計画～」OFFICIAL GOODS,True,2026-08-30T01:17:10.908460+00:00,2026-08-30T01:17:10.908460+00:00,4900,4900,False,False,"fy-18, ヰ世界情緒","fy-18, ヰ世界情緒",https://findmestore.thinkr.jp/products/ise-300-0122
ise-300-0125,【ヰ世界情緒】pixel art ロングスリーブTシャツ ／「project canvas ～ヰ世界情緒育成計画～」OFFICIAL GOODS,True,2026-08-30T01:17:10.908460+00:00,2026-08-30T01:17:10.908460+00:00,6700,6700,False,False,"fy-18, ヰ世界情緒","fy-18, ヰ世界情緒",https://findmestore.thinkr.jp/products/ise-300-0125
ise-300-0128,【ヰ世界情緒】pixel art デスクマット／「project canvas ～ヰ世界情緒育成計画～」OFFICIAL GOODS,True,2026-08-30T01:17:10.908460+00:00,2026-08-30T01:17:10.908460+00:00,4400,4400,False,False,"fy-18, ヰ世界情緒","fy-18, ヰ世界情緒",https://findmestore.thinkr.jp/products/ise-300-0128
ise-300-0129,【ヰ世界情緒】pixel art クッション／「project canvas ～ヰ世界情緒育成計画～」OFFICIAL GOODS,True,2026-08-30T01:17:10.908460+00:00,2026-08-30T01:17:10.908460+00:00,4200,4200,False,False,"fy-18, ヰ世界情緒","fy-18, ヰ世界情緒",https://findmestore.thinkr.jp/products/ise-300-0129
ise-300-0130,【ヰ世界情緒】pixel art ステーショナリーセット／「project canvas ～ヰ世界情緒育成計画～」OFFICIAL GOODS,True,2026-08-30T01:17:10.908460+00:00,2026-08-30T01:17:10.908460+00:00,4600,4600,False,False,"fy-18, ヰ世界情緒","fy-18, ヰ世界情緒",https://findmestore.thinkr.jp/products/ise-300-0130
ise-300-0131,【ヰ世界情緒】pixel art フォンタブ＆スマホリングストラップ／「project canvas ～ヰ世界情緒育成計画～」OFFICIAL GOODS,True,2026-08-30T01:17:10.908460+00:00,2026-08-30T01:17:10.908460+00:00,2400,2400,False,False,"fy-18, ヰ世界情緒","fy-18, ヰ世界情緒",https://findmestore.thinkr.jp/products/ise-300-0131
ise-300-0132,【ヰ世界情緒】pixel art スマホデコステッカーセット／「project canvas ～ヰ世界情緒育成計画～」OFFICIAL GOODS,True,2026-08-30T01:17:10.908460+00:00,2026-08-30T01:17:10.908460+00:00,1500,1500,False,False,"fy-18, ヰ世界情緒","fy-18, ヰ世界情緒",https://findmestore.thinkr.jp/products/ise-300-0132
ise-300-0133,【ヰ世界情緒】pixel art ランダム2wayアクリルスタンド／「project canvas ～ヰ世界情緒育成計画～」OFFICIAL GOODS,True,2026-08-30T01:17:10.908460+00:00,2026-08-30T01:17:10.908460+00:00,800,800,False,False,"fy-18, ヰ世界情緒","fy-18, ヰ世界情緒",https://findmestore.thinkr.jp/products/ise-300-0133
ise-300-0134,【ヰ世界情緒】「Anima Ⅲ」ライブパンフレット／3rd ONE-MAN LIVE「Anima Ⅲ」,True,2026-08-30T01:17:10.908460+00:00,2026-08-30T01:17:10.908460+00:00,3300,3300,False,False,"fy-18, ヰ世界情緒","fy-18, ヰ世界情緒",https://findmestore.thinkr.jp/products/ise-300-0134
ise-300-0135,【ヰ世界情緒】ビッグシルエットステッチTシャツ／3rd ONE-MAN LIVE「Anima Ⅲ」,True,2026-08-30T01:17:10.908460+00:00,2026-08-30T01:17:10.908460+00:00,6500,6500,False,False,"fy-18, ヰ世界情緒","fy-18, ヰ世界情緒",https://findmestore.thinkr.jp/products/ise-300-0135
ise-300-0137,【ヰ世界情緒】「Anima Ⅲ」グラフィックTシャツ／3rd ONE-MAN LIVE「Anima Ⅲ」,True,2026-08-30T01:17:10.908460+00:00,2026-08-30T01:17:10.908460+00:00,4900,4900,False,False,"fy-18, ヰ世界情緒","fy-18, ヰ世界情緒",https://findmestore.thinkr.jp/products/ise-300-0137
ise-300-0142,【ヰ世界情緒】ジャガードマフラータオル／3rd ONE-MAN LIVE「Anima Ⅲ」,True,2026-08-30T01:17:10.908460+00:00,2026-08-30T01:17:10.908460+00:00,3200,3200,True,True,"fy-18, ヰ世界情緒","fy-18, ヰ世界情緒",https://findmestore.thinkr.jp/products/ise-300-0142
ise-300-0143,【ヰ世界情緒】サコッシュ／3rd ONE-MAN LIVE「Anima Ⅲ」,True,2026-08-30T01:17:10.908460+00:00,2026-08-30T01:17:10.908460+00:00,4600,4600,False,False,"fy-18, ヰ世界情緒","fy-18, ヰ世界情緒",https://findmestore.thinkr.jp/products/ise-300-0143
ise-300-0144,【ヰ世界情緒】BIGサマートートバッグ／3rd ONE-MAN LIVE「Anima Ⅲ」,True,2026-08-30T01:17:10.908460+00:00,2026-08-30T01:17:10.908460+00:00,4900,4900,False,False,"fy-18, ヰ世界情緒","fy-18, ヰ世界情緒",https://findmestore.thinkr.jp/products/ise-300-0144
ise-300-0145,【ヰ世界情緒】レザーブレスレット アネモネ ver.／3rd ONE-MAN LIVE「Anima Ⅲ」,True,2026-08-30T01:17:10.908460+00:00,2026-08-30T01:17:10.908460+00:00,3800,3800,False,False,"fy-18, ヰ世界情緒","fy-18, ヰ世界情緒",https://findmestore.thinkr.jp/products/ise-300-0145
ise-300-0146,【ヰ世界情緒】接触冷感なりきりフードタオル／3rd ONE-MAN LIVE「Anima Ⅲ」,True,2026-08-30T01:17:10.908460+00:00,2026-08-30T01:17:10.908460+00:00,4800,4800,True,True,"fy-18, ヰ世界情緒","fy-18, ヰ世界情緒",https://findmestore.thinkr.jp/products/ise-300-0146
ise-300-0147,【ヰ世界情緒】チケットホルダーバッジ（自己紹介カード、レプリカチケット付）／3rd ONE-MAN LIVE「Anima Ⅲ」,True,2026-08-30T01:17:10.908460+00:00,2026-08-30T01:17:10.908460+00:00,2400,2400,True,True,"fy-18, ヰ世界情緒","fy-18, ヰ世界情緒",https://findmestore.thinkr.jp/products/ise-300-0147
ise-300-0148,【ヰ世界情緒】アネモスラゲッジタグ／3rd ONE-MAN LIVE「Anima Ⅲ」,True,2026-08-30T01:17:10.908460+00:00,2026-08-30T01:17:10.908460+00:00,1700,1700,False,False,"fy-18, ヰ世界情緒","fy-18, ヰ世界情緒",https://findmestore.thinkr.jp/products/ise-300-0148
ise-300-0149,【ヰ世界情緒】アクリルスタンド 「Anima Ⅲ」 ver.／3rd ONE-MAN LIVE「Anima Ⅲ」,True,2026-08-30T01:17:10.908460+00:00,2026-08-30T01:17:10.908460+00:00,2500,2500,False,False,"fy-18, ヰ世界情緒","fy-18, ヰ世界情緒",https://findmestore.thinkr.jp/products/ise-300-0149
ise-300-0150,【ヰ世界情緒】アクリルフォトスタンド 「Anima Ⅲ」 ver.／3rd ONE-MAN LIVE「Anima Ⅲ」,True,2026-08-30T01:17:10.908460+00:00,2026-08-30T01:17:10.908460+00:00,6600,6600,False,False,"fy-18, ヰ世界情緒","fy-18, ヰ世界情緒",https://findmestore.thinkr.jp/products/ise-300-0150
ise-300-0155,【ヰ世界情緒】ラバーバンドセット／SINKA LIVE SERIES EP.Ⅰ ヰ世界情緒 2nd ONE-MAN LIVE「Anima Ⅱ」Blu-ray & 3rd ONE-MAN LIVE「Anima Ⅲ」第二弾,True,2026-08-30T01:17:10.908460+00:00,2026-08-30T01:17:10.908460+00:00,1900,1900,True,True,"fy-18, ヰ世界情緒","fy-18, ヰ世界情緒",https://findmestore.thinkr.jp/products/ise-300-0155
ise-300-0157,【ヰ世界情緒】ランダムステッカーセット4枚入り（全22種）／SINKA LIVE SERIES EP.Ⅰ ヰ世界情緒 2nd ONE-MAN LIVE「Anima Ⅱ」Blu-ray & 3rd ONE-MAN LIVE「Anima Ⅲ」第二弾,True,2026-08-30T01:17:10.908460+00:00,2026-08-30T01:17:10.908460+00:00,850,850,True,True,"fy-18, ヰ世界情緒","fy-18, ヰ世界情緒",https://findmestore.thinkr.jp/products/ise-300-0157
ise-300-0158,【ヰ世界情緒】ショッパー／SINKA LIVE SERIES EP.Ⅰ ヰ世界情緒 2nd ONE-MAN LIVE「Anima Ⅱ」Blu-ray & 3rd ONE-MAN LIVE「Anima Ⅲ」第二弾,True,2026-08-30T01:17:10.908460+00:00,2026-08-30T01:17:10.908460+00:00,600,600,True,True,"fy-18, ヰ世界情緒","fy-18, ヰ世界情緒",https://findmestore.thinkr.jp/products/ise-300-0158
ise-300-0159,【ヰ世界情緒】アクリルフォトプロップス／SINKA LIVE SERIES EP.Ⅰ ヰ世界情緒 2nd ONE-MAN LIVE「Anima Ⅱ」Blu-ray & 3rd ONE-MAN LIVE「Anima Ⅲ」第二弾,True,2026-08-30T01:17:10.908460+00:00,2026-08-30T01:17:10.908460+00:00,1700,1700,False,False,"fy-18, ヰ世界情緒","fy-18, ヰ世界情緒",https://findmestore.thinkr.jp/products/ise-300-0159
ise-300-0160,【ヰ世界情緒】缶バッジ／SINKA LIVE SERIES EP.Ⅰ ヰ世界情緒 2nd ONE-MAN LIVE「Anima Ⅱ」Blu-ray & 3rd ONE-MAN LIVE「Anima Ⅲ」第二弾,True,2026-08-30T01:17:10.908460+00:00,2026-08-30T01:17:10.908460+00:00,500,500,False,False,"fy-18, ヰ世界情緒","fy-18, ヰ世界情緒",https://findmestore.thinkr.jp/products/ise-300-0160
ise-300-0161,【ヰ世界情緒】保冷トート／SINKA LIVE SERIES EP.Ⅰ ヰ世界情緒 2nd ONE-MAN LIVE「Anima Ⅱ」Blu-ray & 3rd ONE-MAN LIVE「Anima Ⅲ」第二弾,True,2026-08-30T01:17:10.908460+00:00,2026-08-30T01:17:10.908460+00:00,3500,3500,True,True,"fy-18, ヰ世界情緒","fy-18, ヰ世界情緒",https://findmestore.thinkr.jp/products/ise-300-0161
ise-300-0162,【ヰ世界情緒】クリアプレート／SINKA LIVE SERIES EP.Ⅰ ヰ世界情緒 2nd ONE-MAN LIVE「Anima Ⅱ」Blu-ray & 3rd ONE-MAN LIVE「Anima Ⅲ」第二弾,True,2026-08-30T01:17:10.908460+00:00,2026-08-30T01:17:10.908460+00:00,2000,2000,True,True,"fy-18, ヰ世界情緒","fy-18, ヰ世界情緒",https://findmestore.thinkr.jp/products/ise-300-0162
ise-300-0163,【ヰ世界情緒】オルゴール（かたちなきもの）／SINKA LIVE SERIES EP.Ⅰ ヰ世界情緒 2nd ONE-MAN LIVE「Anima Ⅱ」Blu-ray & 3rd ONE-MAN LIVE「Anima Ⅲ」第二弾,True,2026-08-30T01:17:10.908460+00:00,2026-08-30T01:17:10.908460+00:00,16500,16500,False,False,"fy-18, ヰ世界情緒","fy-18, ヰ世界情緒",https://findmestore.thinkr.jp/products/ise-300-0163
ise-300-0164,【ヰ世界情緒】ネックレス ネモフィラ ver.／SINKA LIVE SERIES EP.Ⅰ ヰ世界情緒 2nd ONE-MAN LIVE「Anima Ⅱ」Blu-ray & 3rd ONE-MAN LIVE「Anima Ⅲ」第二弾,True,2026-08-30T01:17:10.908460+00:00,2026-08-30T01:17:10.908460+00:00,19000,19000,False,False,"fy-18, ヰ世界情緒","fy-18, ヰ世界情緒",https://findmestore.thinkr.jp/products/ise-300-0164
ise-300-0168,【ヰ世界情緒】ランダムスクエア缶バッジ（全13種）／SINKA LIVE SERIES EP.Ⅰ ヰ世界情緒 2nd ONE-MAN LIVE「Anima Ⅱ」Blu-ray & 3rd ONE-MAN LIVE「Anima Ⅲ」第二弾,True,2026-08-30T01:17:10.908460+00:00,2026-08-30T01:17:10.908460+00:00,500,500,True,True,"fy-18, ヰ世界情緒","fy-18, ヰ世界情緒",https://findmestore.thinkr.jp/products/ise-300-0168
ise-300-0171,【春猿火×ヰ世界情緒】連結アクリルスタンド ヰ世界情緒／KAMITSUBAKI RADIO CLUB VIRTUAL MINI LIVE,True,2026-08-30T01:17:10.908460+00:00,2026-08-30T01:17:10.908460+00:00,2500,2500,True,True,"fy-18, ヰ世界情緒","fy-18, ヰ世界情緒",https://findmestore.thinkr.jp/products/ise-300-0171
ise-300-0172,【ヰ世界情緒】衣装メタルチャーム ヰ世界情緒／コミックマーケット105出展記念グッズ,True,2026-08-30T01:17:10.908460+00:00,2026-08-30T01:17:10.908460+00:00,3500,3500,False,False,"fy-19, ヰ世界情緒","fy-19, ヰ世界情緒",https://findmestore.thinkr.jp/products/ise-300-0172
ise-300-0173,【ヰ世界情緒】フチ染アクリルスタンド ヰ世界情緒／コミックマーケット105出展記念グッズ,True,2026-08-30T01:17:10.908460+00:00,2026-08-30T01:17:10.908460+00:00,2500,2500,False,False,"fy-19, ヰ世界情緒","fy-19, ヰ世界情緒",https://findmestore.thinkr.jp/products/ise-300-0173
ise-300-0174,【ヰ世界情緒】アクリルネームキーホルダー ヰ世界情緒／コミックマーケット105出展記念グッズ,True,2026-08-30T01:17:10.908460+00:00,2026-08-30T01:17:10.908460+00:00,1500,1500,False,False,"fy-19, ヰ世界情緒","fy-19, ヰ世界情緒",https://findmestore.thinkr.jp/products/ise-300-0174
ise-300-0175,【ヰ世界情緒】AVIOT×ヰ世界情緒 ボイス入りワイヤレスイヤホン（特典ステッカー入り）／Virtual mini live「Collection Bouquet」& 5th Anniversary & 3rd ONE-MAN LIVE「Anima Ⅲ」Blu-ray,True,2026-08-30T01:17:10.908460+00:00,2026-08-30T01:17:10.908460+00:00,36000,36000,False,False,"fy-19, ヰ世界情緒","fy-19, ヰ世界情緒",https://findmestore.thinkr.jp/products/ise-300-0175
ise-300-0176,【ヰ世界情緒】5th ANNIVERSARY ART（シリアルナンバー入り）／Virtual mini live「Collection Bouquet」& 5th Anniversary & 3rd ONE-MAN LIVE「Anima Ⅲ」Blu-ray,True,2026-08-30T01:17:10.908460+00:00,2026-08-30T01:17:10.908460+00:00,32000,32000,False,False,"fy-18, ヰ世界情緒","fy-18, ヰ世界情緒",https://findmestore.thinkr.jp/products/ise-300-0176
ise-300-0177,【ヰ世界情緒】ミニチュアコスチュームマスコット ネモフィラ ver.／Virtual mini live「Collection Bouquet」& 5th Anniversary & 3rd ONE-MAN LIVE「Anima Ⅲ」Blu-ray,True,2026-08-30T01:17:10.908460+00:00,2026-08-30T01:17:10.908460+00:00,3500,3500,False,False,"fy-18, ヰ世界情緒","fy-18, ヰ世界情緒",https://findmestore.thinkr.jp/products/ise-300-0177
ise-300-0178,【ヰ世界情緒】ミニチュアコスチュームマスコット サンフラワー ver.／Virtual mini live「Collection Bouquet」& 5th Anniversary & 3rd ONE-MAN LIVE「Anima Ⅲ」Blu-ray,True,2026-08-30T01:17:10.908460+00:00,2026-08-30T01:17:10.908460+00:00,3500,3500,False,False,"fy-18, ヰ世界情緒","fy-18, ヰ世界情緒",https://findmestore.thinkr.jp/products/ise-300-0178
ise-300-0179,【ヰ世界情緒】万年筆＆インクセット（特典ポストカード付き）／Virtual mini live「Collection Bouquet」& 5th Anniversary & 3rd ONE-MAN LIVE「Anima Ⅲ」Blu-ray,True,2026-08-30T01:17:10.908460+00:00,2026-08-30T01:17:10.908460+00:00,15000,15000,False,False,"fy-19, ヰ世界情緒","fy-19, ヰ世界情緒",https://findmestore.thinkr.jp/products/ise-300-0179
ise-300-0180,【ヰ世界情緒】「Collection Bouquet」アクリルフォトスタンド／Virtual mini live「Collection Bouquet」& 5th Anniversary & 3rd ONE-MAN LIVE「Anima Ⅲ」Blu-ray,True,2026-08-30T01:17:10.908460+00:00,2026-08-30T01:17:10.908460+00:00,6600,6600,False,False,"fy-18, ヰ世界情緒","fy-18, ヰ世界情緒",https://findmestore.thinkr.jp/products/ise-300-0180
ise-300-0181,【ヰ世界情緒】缶バッジ 3個セット／Virtual mini live「Collection Bouquet」& 5th Anniversary & 3rd ONE-MAN LIVE「Anima Ⅲ」Blu-ray,True,2026-08-30T01:17:10.908460+00:00,2026-08-30T01:17:10.908460+00:00,1500,1500,True,True,"fy-18, ヰ世界情緒","fy-18, ヰ世界情緒",https://findmestore.thinkr.jp/products/ise-300-0181
ise-300-0185,【ヰ世界情緒】ゴミダスぬいぐるみ／ヰ世界情緒 6th Anniversary OFFICIAL GOODS,True,2026-08-30T01:17:10.908460+00:00,2026-08-30T01:17:10.908460+00:00,5300,5300,False,False,"fy-19, ヰ世界情緒","fy-19, ヰ世界情緒",https://findmestore.thinkr.jp/products/ise-300-0185
ise-300-0186,【ヰ世界情緒】ゴミダスポーチ／ヰ世界情緒 6th Anniversary OFFICIAL GOODS,True,2026-08-30T01:17:10.908460+00:00,2026-08-30T01:17:10.908460+00:00,3800,3800,False,False,"fy-19, ヰ世界情緒","fy-19, ヰ世界情緒",https://findmestore.thinkr.jp/products/ise-300-0186
ise-300-0187,【ヰ世界情緒】砂時計&オリジナルハーブティー セット／ヰ世界情緒展Ⅱ,True,2026-08-30T01:17:10.908460+00:00,2026-08-30T01:17:10.908460+00:00,15000,15000,False,False,"fy-18, ヰ世界情緒","fy-18, ヰ世界情緒",https://findmestore.thinkr.jp/products/ise-300-0187
ise-300-0190,【ヰ世界情緒】カーディガン／ヰ世界情緒展Ⅱ,True,2026-08-30T01:17:10.908460+00:00,2026-08-30T01:17:10.908460+00:00,13500,13500,False,False,"fy-19, ヰ世界情緒","fy-19, ヰ世界情緒",https://findmestore.thinkr.jp/products/ise-300-0190
ise-300-0192,【ヰ世界情緒】キャンバストートバッグ／ヰ世界情緒展Ⅱ,True,2026-08-30T01:17:10.908460+00:00,2026-08-30T01:17:10.908460+00:00,4900,4900,False,False,"fy-19, ヰ世界情緒","fy-19, ヰ世界情緒",https://findmestore.thinkr.jp/products/ise-300-0192
ise-300-0194,【ヰ世界情緒】ランダム缶バッジ ヰ世界情緒展Ⅱ ver.／ヰ世界情緒展Ⅱ,True,2026-08-30T01:17:10.908460+00:00,2026-08-30T01:17:10.908460+00:00,500,500,True,True,"fy-19, ヰ世界情緒","fy-19, ヰ世界情緒",https://findmestore.thinkr.jp/products/ise-300-0194
ise-300-0196,【ヰ世界情緒】ランダムアクリルキーホルダー ヰ世界情緒展Ⅱ ver.／ヰ世界情緒展Ⅱ,True,2026-08-30T01:17:10.908460+00:00,2026-08-30T01:17:10.908460+00:00,800,800,False,False,"fy-19, ヰ世界情緒","fy-19, ヰ世界情緒",https://findmestore.thinkr.jp/products/ise-300-0196
ise-300-0197,【ヰ世界情緒】アクリルスタンド サンフラワー ver.／ヰ世界情緒展Ⅱ,True,2026-08-30T01:17:10.908460+00:00,2026-08-30T01:17:10.908460+00:00,2500,2500,True,True,"fy-19, ヰ世界情緒","fy-19, ヰ世界情緒",https://findmestore.thinkr.jp/products/ise-300-0197
ise-300-0198,【ヰ世界情緒】タペストリー サンフラワー ver.／ヰ世界情緒展Ⅱ,True,2026-08-30T01:17:10.908460+00:00,2026-08-30T01:17:10.908460+00:00,3800,3800,True,True,"fy-19, ヰ世界情緒","fy-19, ヰ世界情緒",https://findmestore.thinkr.jp/products/ise-300-0198
ise-300-0206,【ヰ世界情緒】ジクレーアート illustration byれおえん／ヰ世界情緒展Ⅱ,True,2026-08-30T01:17:10.908460+00:00,2026-08-30T01:17:10.908460+00:00,66000,66000,True,True,"fy-19, ヰ世界情緒","fy-19, ヰ世界情緒",https://findmestore.thinkr.jp/products/ise-300-0206
ise-300-0207,【ヰ世界情緒】3層アクリルフレームアート illustration byヰ世界情緒／ヰ世界情緒展Ⅱ,True,2026-08-30T01:17:10.908460+00:00,2026-08-30T01:17:10.908460+00:00,27000,27000,True,True,"fy-19, ヰ世界情緒","fy-19, ヰ世界情緒",https://findmestore.thinkr.jp/products/ise-300-0207
ise-300-0208,【ヰ世界情緒】おすわりぬいぐるみ サンフラワー ver.／ヰ世界情緒 2DAYS LIVE Blu-ray ＆ 復刻おすわりぬいぐるみ,True,2026-08-30T01:17:10.908460+00:00,2026-08-30T01:17:10.908460+00:00,4500,4500,True,True,"fy-20, ヰ世界情緒","fy-20, ヰ世界情緒",https://findmestore.thinkr.jp/products/ise-300-0208
ise-300-0209,【ヰ世界情緒】リードディフューザー produced by ISEKAIJOUCHO／ヰ世界情緒展Ⅱ,True,2026-08-30T01:17:10.908460+00:00,2026-08-30T01:17:10.908460+00:00,5000,5000,False,False,"fy-19, ヰ世界情緒","fy-19, ヰ世界情緒",https://findmestore.thinkr.jp/products/ise-300-0209
ise-300-0210,【ヰ世界情緒】ヰ世界情緒作品集「息吹Ⅱ」／ヰ世界情緒展Ⅱ,True,2026-08-30T01:17:10.908460+00:00,2026-08-30T01:17:10.908460+00:00,2000,2000,True,True,"fy-19, ヰ世界情緒","fy-19, ヰ世界情緒",https://findmestore.thinkr.jp/products/ise-300-0210
ise-300-0212,【ヰ世界情緒】「Anima Ⅲ」デジタルライブパンフレット／3rd ONE-MAN LIVE「Anima Ⅲ」,True,2026-08-30T01:17:10.908460+00:00,2026-08-30T01:17:10.908460+00:00,2300,2300,True,True,"fy-18, ヰ世界情緒","fy-18, ヰ世界情緒",https://findmestore.thinkr.jp/products/ise-300-0212
ise-300-0214,【ヰ世界情緒】マフラータオル ヰ世界情緒／KAMITSUBAKI WARS 2025 神椿後楽園戦線 KAMITSUBAKI XPERIENCE,True,2026-08-30T01:17:10.908460+00:00,2026-08-30T01:17:10.908460+00:00,3500,3500,True,True,"fy-19, ヰ世界情緒","fy-19, ヰ世界情緒",https://findmestore.thinkr.jp/products/ise-300-0214
ise-300-0215,【ヰ世界情緒】チケット風アクリルキーホルダー ヰ世界情緒／KAMITSUBAKI WARS 2025 神椿後楽園戦線 KAMITSUBAKI XPERIENCE,True,2026-08-30T01:17:10.908460+00:00,2026-08-30T01:17:10.908460+00:00,1320,1320,False,False,"fy-19, ヰ世界情緒","fy-19, ヰ世界情緒",https://findmestore.thinkr.jp/products/ise-300-0215
ise-300-0216,【ヰ世界情緒】ライブ応援グッズセット ヰ世界情緒／KAMITSUBAKI WARS 2025 神椿後楽園戦線 KAMITSUBAKI XPERIENCE,True,2026-08-30T01:17:10.908460+00:00,2026-08-30T01:17:10.908460+00:00,19800,19800,True,True,"fy-19, ヰ世界情緒","fy-19, ヰ世界情緒",https://findmestore.thinkr.jp/products/ise-300-0216
ise-300-0219,【ヰ世界情緒】アクリルスタンド／THINKR XR CLASSICS presents KAMITSUBAKI FILM CONCERT「神椿演奏会／想像」,True,2026-08-30T01:17:10.908460+00:00,2026-08-30T01:17:10.908460+00:00,2500,2500,False,False,"fy-19, ヰ世界情緒","fy-19, ヰ世界情緒",https://findmestore.thinkr.jp/products/ise-300-0219
ise-300-0220,【ヰ世界情緒】チケット風キーホルダー／THINKR XR CLASSICS presents KAMITSUBAKI FILM CONCERT「神椿演奏会／想像」,True,2026-08-30T01:17:10.908460+00:00,2026-08-30T01:17:10.908460+00:00,1500,1500,False,False,"fy-19, ヰ世界情緒","fy-19, ヰ世界情緒",https://findmestore.thinkr.jp/products/ise-300-0220
ise-300-0221,【ヰ世界情緒】缶ケース＆缶バッジセット／THINKR XR CLASSICS presents KAMITSUBAKI FILM CONCERT「神椿演奏会／想像」,True,2026-08-30T01:17:10.908460+00:00,2026-08-30T01:17:10.908460+00:00,2500,2500,False,False,"fy-19, ヰ世界情緒","fy-19, ヰ世界情緒",https://findmestore.thinkr.jp/products/ise-300-0221
ise-300-0222,【ヰ世界情緒】FMS限定 タペストリー／THINKR XR CLASSICS presents KAMITSUBAKI FILM CONCERT「神椿演奏会／想像」,True,2026-08-30T01:17:10.908460+00:00,2026-08-30T01:17:10.908460+00:00,5000,5000,False,False,"fy-19, ヰ世界情緒","fy-19, ヰ世界情緒",https://findmestore.thinkr.jp/products/ise-300-0222
ise-300-0223,【ヰ世界情緒】KAMITSUBAKI XP ビックアクリルスタンド ヰ世界情緒／KAMITSUBAKI WARS 2025 神椿後楽園戦線 KAMITSUBAKI XPERIENCE,True,2026-08-30T01:17:10.908460+00:00,2026-08-30T01:17:10.908460+00:00,5000,5000,False,False,"fy-19, ヰ世界情緒","fy-19, ヰ世界情緒",https://findmestore.thinkr.jp/products/ise-300-0223
ise-300-0224,【ヰ世界情緒】Baseball Shirt – Team ISEKAIJYOUCHO／KAMITSUBAKI WARS 2025 神椿後楽園戦線 KAMITSUBAKI XPERIENCE,True,2026-08-30T01:17:10.908460+00:00,2026-08-30T01:17:10.908460+00:00,9000,9000,False,False,"fy-19, ヰ世界情緒","fy-19, ヰ世界情緒",https://findmestore.thinkr.jp/products/ise-300-0224
ise-300-0226,【ヰ世界情緒】ゆらゆらアクリルブロックキーホルダー／THINKR XR CLASSICS presents KAMITSUBAKI FILM CONCERT「神椿演奏会／想像」第二弾,True,2026-08-30T01:17:10.908460+00:00,2026-08-30T01:17:10.908460+00:00,1500,1500,True,True,"fy-19, ヰ世界情緒","fy-19, ヰ世界情緒",https://findmestore.thinkr.jp/products/ise-300-0226
ise-300-0228,【ヰ世界情緒】BIGアクリルスタンド ヰ世界情緒／コミックマーケット106出展記念グッズ,True,2026-08-30T01:17:10.908460+00:00,2026-08-30T01:17:10.908460+00:00,5000,5000,False,False,"fy-19, ヰ世界情緒","fy-19, ヰ世界情緒",https://findmestore.thinkr.jp/products/ise-300-0228
ise-300-0229,【ヰ世界情緒】アクリルキーホルダー ヰ世界情緒／コミックマーケット106出展記念グッズ,True,2026-08-30T01:17:10.908460+00:00,2026-08-30T01:17:10.908460+00:00,1500,1500,False,False,"fy-19, ヰ世界情緒","fy-19, ヰ世界情緒",https://findmestore.thinkr.jp/products/ise-300-0229
ise-300-0230,【ヰ世界情緒】フーディー ヰ世界情緒／KAMITSUBAKI FES ’25 OUR ONE-DAY WAR,True,2026-08-30T01:17:10.908460+00:00,2026-08-30T01:17:10.908460+00:00,9800,9800,False,False,"fy-19, ヰ世界情緒","fy-19, ヰ世界情緒",https://findmestore.thinkr.jp/products/ise-300-0230
ise-300-0233,【ヰ世界情緒】アクリルスタンド ヰ世界情緒／KAMITSUBAKI FES ’25 OUR ONE-DAY WAR,True,2026-08-30T01:17:10.908460+00:00,2026-08-30T01:17:10.908460+00:00,2500,2500,True,True,"fy-19, ヰ世界情緒","fy-19, ヰ世界情緒",https://findmestore.thinkr.jp/products/ise-300-0233
ise-300-0234,【ヰ世界情緒】セットC106 ヰ世界情緒／コミックマーケット106出展記念グッズ,True,2026-08-30T01:17:10.908460+00:00,2026-08-30T01:17:10.908460+00:00,12000,12000,True,True,"fy-19, ヰ世界情緒","fy-19, ヰ世界情緒",https://findmestore.thinkr.jp/products/ise-300-0234
ise-300-0235,【ヰ世界情緒】アーティストネームアクリルブロック ヰ世界情緒／KAMITSUBAKI FES ’25 OUR ONE-DAY WAR 第二弾,True,2026-08-30T01:17:10.908460+00:00,2026-08-30T01:17:10.908460+00:00,2500,2500,False,False,"fy-19, ヰ世界情緒","fy-19, ヰ世界情緒",https://findmestore.thinkr.jp/products/ise-300-0235
ise-300-0236,【ヰ世界情緒】サンフラワー衣装バングル／STREAMING COVER LIVE「キャンディライブ3」GOODS＆CD,True,2026-08-30T01:17:10.908460+00:00,2026-08-30T01:17:10.908460+00:00,18000,18000,False,False,"fy-19, ヰ世界情緒","fy-19, ヰ世界情緒",https://findmestore.thinkr.jp/products/ise-300-0236
ise-300-0237,【ヰ世界情緒】ミラーコートアクリル額装アート／STREAMING COVER LIVE「キャンディライブ3」GOODS＆CD,True,2026-08-30T01:17:10.908460+00:00,2026-08-30T01:17:10.908460+00:00,25000,25000,False,False,"fy-19, ヰ世界情緒","fy-19, ヰ世界情緒",https://findmestore.thinkr.jp/products/ise-300-0237
ise-300-0238,【ヰ世界情緒】グリッターアクリルブロック／STREAMING COVER LIVE「キャンディライブ3」GOODS＆CD,True,2026-08-30T01:17:10.908460+00:00,2026-08-30T01:17:10.908460+00:00,4900,4900,False,False,"fy-19, ヰ世界情緒","fy-19, ヰ世界情緒",https://findmestore.thinkr.jp/products/ise-300-0238
ise-300-0239,【ヰ世界情緒】ミニクッション4／STREAMING COVER LIVE「キャンディライブ3」GOODS＆CD,True,2026-08-30T01:17:10.908460+00:00,2026-08-30T01:17:10.908460+00:00,4700,4700,False,False,"fy-19, ヰ世界情緒","fy-19, ヰ世界情緒",https://findmestore.thinkr.jp/products/ise-300-0239
ise-300-0240,【ヰ世界情緒】キャンディ風キーホルダー／STREAMING COVER LIVE「キャンディライブ3」GOODS＆CD,True,2026-08-30T01:17:10.908460+00:00,2026-08-30T01:17:10.908460+00:00,1500,1500,False,False,"fy-19, ヰ世界情緒","fy-19, ヰ世界情緒",https://findmestore.thinkr.jp/products/ise-300-0240
ise-300-0241,【ヰ世界情緒】オリジナル金平糖／STREAMING COVER LIVE「キャンディライブ3」GOODS＆CD,True,2026-08-30T01:17:10.908460+00:00,2026-08-30T01:17:10.908460+00:00,1500,1500,False,False,"fy-19, ヰ世界情緒","fy-19, ヰ世界情緒",https://findmestore.thinkr.jp/products/ise-300-0241
ise-300-0242,【ヰ世界情緒】KVタペストリー／STREAMING COVER LIVE「キャンディライブ3」GOODS＆CD,True,2026-08-30T01:17:10.908460+00:00,2026-08-30T01:17:10.908460+00:00,5000,5000,False,False,"fy-19, ヰ世界情緒","fy-19, ヰ世界情緒",https://findmestore.thinkr.jp/products/ise-300-0242
ise-300-0244,【ヰ世界情緒】「Virtual Ties 〜ヰ世界情緒夢想曲〜」（完全生産限定版・switch）／Virtual Ties 〜ヰ世界情緒夢想曲〜,True,2026-08-30T01:17:10.908460+00:00,2026-08-30T01:17:10.908460+00:00,9900,9900,True,True,"fy-19, ヰ世界情緒","fy-19, ヰ世界情緒",https://findmestore.thinkr.jp/products/ise-300-0244
ise-300-0245,【ヰ世界情緒】「Virtual Ties 〜ヰ世界情緒夢想曲〜」（完全生産限定版・steam）／Virtual Ties 〜ヰ世界情緒夢想曲〜,True,2026-08-30T01:17:10.908460+00:00,2026-08-30T01:17:10.908460+00:00,9900,9900,True,True,"fy-19, ヰ世界情緒","fy-19, ヰ世界情緒",https://findmestore.thinkr.jp/products/ise-300-0245
ise-300-0246,【ヰ世界情緒】「Virtual Ties 〜ヰ世界情緒夢想曲〜」（FMS限定版・switch）／Virtual Ties 〜ヰ世界情緒夢想曲〜,True,2026-08-30T01:17:10.908460+00:00,2026-08-30T01:17:10.908460+00:00,14300,14300,False,False,"fy-19, ヰ世界情緒","fy-19, ヰ世界情緒",https://findmestore.thinkr.jp/products/ise-300-0246
ise-300-0247,【ヰ世界情緒】「Virtual Ties 〜ヰ世界情緒夢想曲〜」（FMS限定版・steam）／Virtual Ties 〜ヰ世界情緒夢想曲〜,True,2026-08-30T01:17:10.908460+00:00,2026-08-30T01:17:10.908460+00:00,14300,14300,False,False,"fy-19, ヰ世界情緒","fy-19, ヰ世界情緒",https://findmestore.thinkr.jp/products/ise-300-0247
ise-300-0248,【ヰ世界情緒】アクリルスタンド／THINKR XR CLASSICS presents KAMITSUBAKI FILM CONCERT「神椿演奏会／想像」2026 WINTER,True,2026-08-30T01:17:10.908460+00:00,2026-08-30T01:17:10.908460+00:00,2500,2500,True,True,"fy-19, ヰ世界情緒","fy-19, ヰ世界情緒",https://findmestore.thinkr.jp/products/ise-300-0248
ise-300-0249,【ヰ世界情緒】2連ワイヤーアクリルキーホルダー／THINKR XR CLASSICS presents KAMITSUBAKI FILM CONCERT「神椿演奏会／想像」2026 WINTER,True,2026-08-30T01:17:10.908460+00:00,2026-08-30T01:17:10.908460+00:00,1500,1500,False,False,"fy-19, ヰ世界情緒","fy-19, ヰ世界情緒",https://findmestore.thinkr.jp/products/ise-300-0249
ise-300-0250,【ヰ世界情緒】FMS限定 B2タペストリー／THINKR XR CLASSICS presents KAMITSUBAKI FILM CONCERT「神椿演奏会／想像」2026 WINTER,True,2026-08-30T01:17:10.908460+00:00,2026-08-30T01:17:10.908460+00:00,5000,5000,False,False,"fy-19, ヰ世界情緒","fy-19, ヰ世界情緒",https://findmestore.thinkr.jp/products/ise-300-0250
ise-300-0251,【ヰ世界情緒】オリジナルジャガードマフラー／ヰ世界情緒 6th Anniversary OFFICIAL GOODS,True,2026-08-30T01:17:10.908460+00:00,2026-08-30T01:17:10.908460+00:00,8800,8800,False,False,"fy-19, ヰ世界情緒","fy-19, ヰ世界情緒",https://findmestore.thinkr.jp/products/ise-300-0251
ise-300-0252,【ヰ世界情緒】イヤーマフ／ヰ世界情緒 6th Anniversary OFFICIAL GOODS,True,2026-08-30T01:17:10.908460+00:00,2026-08-30T01:17:10.908460+00:00,12000,12000,False,False,"fy-19, ヰ世界情緒","fy-19, ヰ世界情緒",https://findmestore.thinkr.jp/products/ise-300-0252
ise-300-0253,【ヰ世界情緒】マフラーイヤーマフセット／ヰ世界情緒 6th Anniversary OFFICIAL GOODS,True,2026-08-30T01:17:10.908460+00:00,2026-08-30T01:17:10.908460+00:00,20000,20000,False,False,"fy-19, ヰ世界情緒","fy-19, ヰ世界情緒",https://findmestore.thinkr.jp/products/ise-300-0253
ise-300-0254,【ヰ世界情緒】6th ANNIVERSARY ART（シリアルナンバー入り）／ヰ世界情緒 6th Anniversary OFFICIAL GOODS,True,2026-08-30T01:17:10.908460+00:00,2026-08-30T01:17:10.908460+00:00,32000,32000,False,False,"fy-19, ヰ世界情緒","fy-19, ヰ世界情緒",https://findmestore.thinkr.jp/products/ise-300-0254
ise-300-0255,【ヰ世界情緒】ロゼット缶バッジセット／ヰ世界情緒 6th Anniversary OFFICIAL GOODS,True,2026-08-30T01:17:10.908460+00:00,2026-08-30T01:17:10.908460+00:00,3500,3500,False,False,"fy-19, ヰ世界情緒","fy-19, ヰ世界情緒",https://findmestore.thinkr.jp/products/ise-300-0255
ise-300-0256,【ヰ世界情緒】ジグソーパズル／ヰ世界情緒 6th Anniversary OFFICIAL GOODS,True,2026-08-30T01:17:10.908460+00:00,2026-08-30T01:17:10.908460+00:00,4800,4800,False,False,"fy-19, ヰ世界情緒","fy-19, ヰ世界情緒",https://findmestore.thinkr.jp/products/ise-300-0256
ise-300-0257,【ヰ世界情緒】卓上カレンダー／ヰ世界情緒 6th Anniversary OFFICIAL GOODS,True,2026-08-30T01:17:10.908460+00:00,2026-08-30T01:17:10.908460+00:00,2600,2600,False,False,"fy-19, ヰ世界情緒","fy-19, ヰ世界情緒",https://findmestore.thinkr.jp/products/ise-300-0257
ise-300-0258,【ヰ世界情緒】アクリルマグネットセット／ヰ世界情緒 6th Anniversary OFFICIAL GOODS,True,2026-08-30T01:17:10.908460+00:00,2026-08-30T01:17:10.908460+00:00,7700,7700,False,False,"fy-19, ヰ世界情緒","fy-19, ヰ世界情緒",https://findmestore.thinkr.jp/products/ise-300-0258
ise-300-0261,【ヰ世界情緒】ミニキャラマスコットキーホルダー／THINKR XR CLASSICS presents KAMITSUBAKI FILM CONCERT「神椿演奏会／想像」2026 WINTER 第二弾,True,2026-08-30T01:17:10.908460+00:00,2026-08-30T01:17:10.908460+00:00,1700,1700,True,True,"fy-20, ヰ世界情緒","fy-20, ヰ世界情緒",https://findmestore.thinkr.jp/products/ise-300-0261
ise-300-0263,【ヰ世界情緒】リバーシブルタオル／2DAYS LIVE DAY1「Flower Closet」 DAY2「Anima Re:birth」OFFICIAL GOODS,True,2026-08-30T01:17:10.908460+00:00,2026-08-30T01:17:10.908460+00:00,3000,3000,False,False,"fy-20, ヰ世界情緒","fy-20, ヰ世界情緒",https://findmestore.thinkr.jp/products/ise-300-0263
ise-300-0264,【ヰ世界情緒】「Flower Closet」グラフィックKV Tシャツ／2DAYS LIVE DAY1「Flower Closet」 DAY2「Anima Re:birth」OFFICIAL GOODS,True,2026-08-30T01:17:10.908460+00:00,2026-08-30T01:17:10.908460+00:00,4900,4900,True,True,"fy-20, ヰ世界情緒","fy-20, ヰ世界情緒",https://findmestore.thinkr.jp/products/ise-300-0264
ise-300-0267,【ヰ世界情緒】モチーフ刺繍シャツ／2DAYS LIVE DAY1「Flower Closet」 DAY2「Anima Re:birth」OFFICIAL GOODS,True,2026-08-30T01:17:10.908460+00:00,2026-08-30T01:17:10.908460+00:00,9500,9500,False,False,"fy-20, ヰ世界情緒","fy-20, ヰ世界情緒",https://findmestore.thinkr.jp/products/ise-300-0267
ise-300-0270,【ヰ世界情緒】ランダム衣装メタルチャーム／2DAYS LIVE DAY1「Flower Closet」 DAY2「Anima Re:birth」OFFICIAL GOODS,True,2026-08-30T01:17:10.908460+00:00,2026-08-30T01:17:10.908460+00:00,1100,1100,False,False,"fy-20, ヰ世界情緒","fy-20, ヰ世界情緒",https://findmestore.thinkr.jp/products/ise-300-0270
ise-300-0271,【ヰ世界情緒】FMS限定 衣装メタルチャーム コンプリートセット ＊一会計につき一セットまで／2DAYS LIVE DAY1「Flower Closet」 DAY2「Anima Re:birth」OFFICIAL GOODS,True,2026-08-30T01:17:10.908460+00:00,2026-08-30T01:17:10.908460+00:00,9900,9900,False,False,"fy-20, ヰ世界情緒","fy-20, ヰ世界情緒",https://findmestore.thinkr.jp/products/ise-300-0271
ise-300-0272,【ヰ世界情緒】FMS限定 キャリーケース＆ラゲッジタグ／2DAYS LIVE DAY1「Flower Closet」 DAY2「Anima Re:birth」OFFICIAL GOODS,True,2026-08-30T01:17:10.908460+00:00,2026-08-30T01:17:10.908460+00:00,37000,37000,True,True,"fy-20, ヰ世界情緒","fy-20, ヰ世界情緒",https://findmestore.thinkr.jp/products/ise-300-0272
ise-300-0273,【ヰ世界情緒】ミラーキーホルダー／2DAYS LIVE DAY1「Flower Closet」 DAY2「Anima Re:birth」OFFICIAL GOODS,True,2026-08-30T01:17:10.908460+00:00,2026-08-30T01:17:10.908460+00:00,3300,3300,False,False,"fy-20, ヰ世界情緒","fy-20, ヰ世界情緒",https://findmestore.thinkr.jp/products/ise-300-0273
ise-300-0274,【ヰ世界情緒】MARGARET PARA SOL／2DAYS LIVE DAY1「Flower Closet」 DAY2「Anima Re:birth」OFFICIAL GOODS,True,2026-08-30T01:17:10.908460+00:00,2026-08-30T01:17:10.908460+00:00,5500,5500,False,False,"fy-20, ヰ世界情緒","fy-20, ヰ世界情緒",https://findmestore.thinkr.jp/products/ise-300-0274
ise-300-0275,【ヰ世界情緒】MARGARET LUNA LIGHT／2DAYS LIVE DAY1「Flower Closet」 DAY2「Anima Re:birth」OFFICIAL GOODS,True,2026-08-30T01:17:10.908460+00:00,2026-08-30T01:17:10.908460+00:00,5500,5500,False,False,"fy-20, ヰ世界情緒","fy-20, ヰ世界情緒",https://findmestore.thinkr.jp/products/ise-300-0275
ise-300-0277,【ヰ世界情緒】リバーシブルアクリルアートパネル／2DAYS LIVE DAY1「Flower Closet」 DAY2「Anima Re:birth」OFFICIAL GOODS,True,2026-08-30T01:17:10.908460+00:00,2026-08-30T01:17:10.908460+00:00,4800,4800,True,True,"fy-20, ヰ世界情緒","fy-20, ヰ世界情緒",https://findmestore.thinkr.jp/products/ise-300-0277
ise-300-0278,【ヰ世界情緒】アクリルスタンド「Flower Closet」ver.／2DAYS LIVE DAY1「Flower Closet」 DAY2「Anima Re:birth」OFFICIAL GOODS,True,2026-08-30T01:17:10.908460+00:00,2026-08-30T01:17:10.908460+00:00,2500,2500,False,False,"fy-20, ヰ世界情緒","fy-20, ヰ世界情緒",https://findmestore.thinkr.jp/products/ise-300-0278
ise-300-0280,【ヰ世界情緒】Gaming KEYBOARD／Virtual Ties 〜ヰ世界情緒夢想曲〜 OFFICIAL GOODS,True,2026-08-30T01:17:10.908460+00:00,2026-08-30T01:17:10.908460+00:00,38000,38000,False,False,"fy-20, ヰ世界情緒","fy-20, ヰ世界情緒",https://findmestore.thinkr.jp/products/ise-300-0280
ise-300-0281,【ヰ世界情緒】「Virtual Ties〜ヰ世界情緒夢想曲〜」Gaming CHAIR／Virtual Ties 〜ヰ世界情緒夢想曲〜 OFFICIAL GOODS,True,2026-08-30T01:17:10.908460+00:00,2026-08-30T01:17:10.908460+00:00,70000,70000,False,False,"fy-20, ヰ世界情緒","fy-20, ヰ世界情緒",https://findmestore.thinkr.jp/products/ise-300-0281
ise-300-0282,【ヰ世界情緒】「Virtual Ties〜ヰ世界情緒夢想曲〜」デスクマット／Virtual Ties 〜ヰ世界情緒夢想曲〜 OFFICIAL GOODS,True,2026-08-30T01:17:10.908460+00:00,2026-08-30T01:17:10.908460+00:00,4400,4400,False,False,"fy-20, ヰ世界情緒","fy-20, ヰ世界情緒",https://findmestore.thinkr.jp/products/ise-300-0282
ise-300-0283,【ヰ世界情緒】アクリルスタンド Virtual Ties ver.／Virtual Ties 〜ヰ世界情緒夢想曲〜 OFFICIAL GOODS,True,2026-08-30T01:17:10.908460+00:00,2026-08-30T01:17:10.908460+00:00,2500,2500,False,False,"fy-20, ヰ世界情緒","fy-20, ヰ世界情緒",https://findmestore.thinkr.jp/products/ise-300-0283
ise-300-0284,【ヰ世界情緒】アートキャンバス Virtual Ties ver.／Virtual Ties 〜ヰ世界情緒夢想曲〜 OFFICIAL GOODS,True,2026-08-30T01:17:10.908460+00:00,2026-08-30T01:17:10.908460+00:00,12000,12000,False,False,"fy-20, ヰ世界情緒","fy-20, ヰ世界情緒",https://findmestore.thinkr.jp/products/ise-300-0284
ise-300-0285,【ヰ世界情緒】「Virtual Ties〜ヰ世界情緒夢想曲〜」練習着パーカー／Virtual Ties 〜ヰ世界情緒夢想曲〜 OFFICIAL GOODS,True,2026-08-30T01:17:10.908460+00:00,2026-08-30T01:17:10.908460+00:00,12000,12000,False,False,"fy-20, ヰ世界情緒","fy-20, ヰ世界情緒",https://findmestore.thinkr.jp/products/ise-300-0285
ise-300-0286,【ヰ世界情緒】ステッカーセット／Virtual Ties 〜ヰ世界情緒夢想曲〜 OFFICIAL GOODS,True,2026-08-30T01:17:10.908460+00:00,2026-08-30T01:17:10.908460+00:00,1200,1200,False,False,"fy-20, ヰ世界情緒","fy-20, ヰ世界情緒",https://findmestore.thinkr.jp/products/ise-300-0286
ise-300-0312,【ヰ世界情緒】ベレー帽＆ピンバッジセット／2DAYS LIVE DAY1「Flower Closet」DAY2「Anima Re:birth」OFFICIAL LIVE GOODS 第2弾,True,2026-08-30T01:17:10.908460+00:00,2026-08-30T01:17:10.908460+00:00,8800,8800,False,False,"fy-20, ヰ世界情緒","fy-20, ヰ世界情緒",https://findmestore.thinkr.jp/products/ise-300-0312
ise-300-0313,【ヰ世界情緒】ミニぬいセット A／2DAYS LIVE DAY1「Flower Closet」DAY2「Anima Re:birth」OFFICIAL LIVE GOODS 第2弾,True,2026-08-30T01:17:10.908460+00:00,2026-08-30T01:17:10.908460+00:00,9000,9000,False,False,"fy-20, ヰ世界情緒","fy-20, ヰ世界情緒",https://findmestore.thinkr.jp/products/ise-300-0313
ise-300-0314,【ヰ世界情緒】ミニぬいセット B／2DAYS LIVE DAY1「Flower Closet」DAY2「Anima Re:birth」OFFICIAL LIVE GOODS 第2弾,True,2026-08-30T01:17:10.908460+00:00,2026-08-30T01:17:10.908460+00:00,9000,9000,False,False,"fy-20, ヰ世界情緒","fy-20, ヰ世界情緒",https://findmestore.thinkr.jp/products/ise-300-0314
ise-300-0315,【ヰ世界情緒】ISEKAIJOUCHO COSTUME BOOK／2DAYS LIVE DAY1「Flower Closet」DAY2「Anima Re:birth」OFFICIAL LIVE GOODS 第2弾,True,2026-08-30T01:17:10.908460+00:00,2026-08-30T01:17:10.908460+00:00,3500,3500,False,False,"fy-20, ヰ世界情緒","fy-20, ヰ世界情緒",https://findmestore.thinkr.jp/products/ise-300-0315
ise-300-154,【ヰ世界情緒】サーモペットボトルクーラー／SINKA LIVE SERIES EP.Ⅰ ヰ世界情緒 2nd ONE-MAN LIVE「Anima Ⅱ」Blu-ray & 3rd ONE-MAN LIVE「Anima Ⅲ」第二弾,True,2026-08-30T01:17:10.908460+00:00,2026-08-30T01:17:10.908460+00:00,3900,3900,False,False,"fy-18, ヰ世界情緒","fy-18, ヰ世界情緒",https://findmestore.thinkr.jp/products/ise-300-154
ise-300-88,【ヰ世界情緒】SINKA LIVE SERIES EP.Ⅰ「Anima Ⅱ -神椿市参番街-」デジタルライブパンフレット／SINKA LIVE SERIES EP.Ⅰヰ世界情緒,True,2026-08-30T01:17:10.908460+00:00,2026-08-30T01:17:10.908460+00:00,2300,2300,True,True,"fy-17, ヰ世界情緒","fy-17, ヰ世界情緒",https://findmestore.thinkr.jp/products/ise-300-88
isekaijoucho220513,【ヰ世界情緒】1st LIVE Blu-ray「Anima」,True,2026-08-30T01:17:10.908460+00:00,2026-08-30T01:17:10.908460+00:00,6600,6600,True,True,"fy-18, ヰ世界情緒","fy-18, ヰ世界情緒",https://findmestore.thinkr.jp/products/isekaijoucho220513
kaf-300-0249,【V.W.P】イラストペンライト V.W.P／KAMITSUBAKI FES 2023,True,2026-08-30T01:17:10.908460+00:00,2026-08-30T01:17:10.908460+00:00,4950,4950,False,False,"V.W.P, fy-17, ヰ世界情緒, 幸祜, 春猿火, 花譜","V.W.P, fy-17, ヰ世界情緒, 幸祜, 春猿火, 花譜",https://findmestore.thinkr.jp/products/kaf-300-0249
kaf-300-0250,【V.W.P】KAMITSUBAKI FES アクリルスタンド V.W.P／KAMITSUBAKI FES 2023,True,2026-08-30T01:17:10.908460+00:00,2026-08-30T01:17:10.908460+00:00,2200,2200,False,False,"V.W.P, fy-17, ヰ世界情緒, 幸祜, 春猿火, 理芽, 花譜","V.W.P, fy-17, ヰ世界情緒, 幸祜, 春猿火, 理芽, 花譜",https://findmestore.thinkr.jp/products/kaf-300-0250
kamitsubaki220107,KAMITSUBAKI x Monark Collaboration Album「Awake」,True,2026-08-30T01:17:10.908460+00:00,2026-08-30T01:17:10.908460+00:00,3000,3000,False,False,"CIEL, fy-15, ヰ世界情緒, 幸祜, 春猿火, 理芽, 花譜","CIEL, fy-15, ヰ世界情緒, 幸祜, 春猿火, 理芽, 花譜",https://findmestore.thinkr.jp/products/kamitsubaki220107
ktr-000-0107,【V.W.P】1st ONE-MAN LIVE「魔女集会&現象」Blu-ray／1st ONE-MAN LIVE「魔女集会&現象」,True,2026-08-30T01:17:10.908460+00:00,2026-08-30T01:17:10.908460+00:00,10000,10000,False,False,"V.W.P, fy-17","V.W.P, fy-17",https://findmestore.thinkr.jp/products/ktr-000-0107
ktr-000-0127,【ヰ世界情緒】「色彩」α／2nd Album「色彩」& 4th Anniversary & ヰ世界電子通信部 OFFICIAL GOODS,True,2026-08-30T01:17:10.908460+00:00,2026-08-30T01:17:10.908460+00:00,5000,5000,True,True,"fy-17, ヰ世界情緒","fy-17, ヰ世界情緒",https://findmestore.thinkr.jp/products/ktr-000-0127
ktr-000-0128,【ヰ世界情緒】「色彩」β／2nd Album「色彩」& 4th Anniversary & ヰ世界電子通信部 OFFICIAL GOODS,True,2026-08-30T01:17:10.908460+00:00,2026-08-30T01:17:10.908460+00:00,5000,5000,True,True,"fy-17, ヰ世界情緒","fy-17, ヰ世界情緒",https://findmestore.thinkr.jp/products/ktr-000-0128
ktr-000-0217,【ヰ世界情緒】「CANDY LIVE 3」／STREAMING COVER LIVE「キャンディライブ3」GOODS＆CD,True,2026-08-30T01:17:10.908460+00:00,2026-08-30T01:17:10.908460+00:00,3300,3300,True,True,"fy-19, ヰ世界情緒","fy-19, ヰ世界情緒",https://findmestore.thinkr.jp/products/ktr-000-0217
ktr-100-0168,【ヰ世界情緒】「Anima Ⅱ -神椿市参番街-」Blu-ray／SINKA LIVE SERIES EP.Ⅰ ヰ世界情緒 2nd ONE-MAN LIVE「Anima Ⅱ」Blu-ray & 3rd ONE-MAN LIVE「Anima Ⅲ」第二弾,True,2026-08-30T01:17:10.908460+00:00,2026-08-30T01:17:10.908460+00:00,8250,8250,False,False,"fy-18, ヰ世界情緒","fy-18, ヰ世界情緒",https://findmestore.thinkr.jp/products/ktr-100-0168
ktr-100-0175,【ヰ世界情緒】「Anima III」Blu-ray／Virtual mini live「Collection Bouquet」& 5th Anniversary & 3rd ONE-MAN LIVE「Anima Ⅲ」Blu-ray,True,2026-08-30T01:17:10.908460+00:00,2026-08-30T01:17:10.908460+00:00,9680,9680,True,True,"fy-18, ヰ世界情緒","fy-18, ヰ世界情緒",https://findmestore.thinkr.jp/products/ktr-100-0175
ktr-100-0199,【春猿火×ヰ世界情緒】「神椿報奏部 Pleasure Box」／神椿報奏部 Pleasure Box & OFFICIAL GOODS,True,2026-08-30T01:17:10.908460+00:00,2026-08-30T01:17:10.908460+00:00,16500,16500,True,True,"fy-19, ヰ世界情緒, 春猿火","fy-19, ヰ世界情緒, 春猿火",https://findmestore.thinkr.jp/products/ktr-100-0199
ktr-100-0224,【春猿火×ヰ世界情緒】「Singularity Live Vol.4」Blu-ray／TWO-MAN LIVE「Singularity Live Vol.4」OFFICIAL GOODS 第二弾＆ Blu-ray,True,2026-08-30T01:17:10.908460+00:00,2026-08-30T01:17:10.908460+00:00,9680,9680,True,True,"fy-19, ヰ世界情緒, 春猿火","fy-19, ヰ世界情緒, 春猿火",https://findmestore.thinkr.jp/products/ktr-100-0224
ktr-100-0246,【ヰ世界情緒】2DAYS LIVE Blu-ray（Special Box盤 初回生産限定）／ヰ世界情緒 2DAYS LIVE Blu-ray ＆ 復刻おすわりぬいぐるみ,True,2026-08-30T01:17:10.908460+00:00,2026-08-30T01:17:10.908460+00:00,27500,27500,True,True,"fy-20, ヰ世界情緒","fy-20, ヰ世界情緒",https://findmestore.thinkr.jp/products/ktr-100-0246
ktr-100-0247,【ヰ世界情緒】2DAYS LIVE Blu-ray（通常盤）／ヰ世界情緒 2DAYS LIVE Blu-ray ＆ 復刻おすわりぬいぐるみ,True,2026-08-30T01:17:10.908460+00:00,2026-08-30T01:17:10.908460+00:00,15400,15400,True,True,"fy-20, ヰ世界情緒","fy-20, ヰ世界情緒",https://findmestore.thinkr.jp/products/ktr-100-0247
kts-300-0322,【春猿火×ヰ世界情緒】H&I Track Jacket by HARUI（特典ポストカード付き）／KAMITSUBAKI RADIO CLUB VIRTUAL MINI LIVE,True,2026-08-30T01:17:10.908460+00:00,2026-08-30T01:17:10.908460+00:00,28000,28000,True,True,"fy-18, ヰ世界情緒, 春猿火","fy-18, ヰ世界情緒, 春猿火",https://findmestore.thinkr.jp/products/kts-300-0322
kts-300-0324,【春猿火×ヰ世界情緒】H&I Engagement Ring by HARUI（メッセージカード入り）／KAMITSUBAKI RADIO CLUB VIRTUAL MINI LIVE,True,2026-08-30T01:17:10.908460+00:00,2026-08-30T01:17:10.908460+00:00,13000,13000,False,False,"fy-18, ヰ世界情緒, 春猿火","fy-18, ヰ世界情緒, 春猿火",https://findmestore.thinkr.jp/products/kts-300-0324
kts-300-0325,【春猿火×ヰ世界情緒】「CALL」額装アート／KAMITSUBAKI RADIO CLUB VIRTUAL MINI LIVE,True,2026-08-30T01:17:10.908460+00:00,2026-08-30T01:17:10.908460+00:00,25000,25000,False,False,"fy-18, ヰ世界情緒, 春猿火","fy-18, ヰ世界情緒, 春猿火",https://findmestore.thinkr.jp/products/kts-300-0325
kts-300-0326,【春猿火×ヰ世界情緒】神椿報奏部スタジオ アクリルジオラマ／KAMITSUBAKI RADIO CLUB VIRTUAL MINI LIVE,True,2026-08-30T01:17:10.908460+00:00,2026-08-30T01:17:10.908460+00:00,7700,7700,False,False,"fy-18, ヰ世界情緒, 春猿火","fy-18, ヰ世界情緒, 春猿火",https://findmestore.thinkr.jp/products/kts-300-0326
kts-300-0327,【春猿火×ヰ世界情緒】KVタペストリー／KAMITSUBAKI RADIO CLUB VIRTUAL MINI LIVE,True,2026-08-30T01:17:10.908460+00:00,2026-08-30T01:17:10.908460+00:00,4900,4900,True,True,"fy-18, ヰ世界情緒, 春猿火","fy-18, ヰ世界情緒, 春猿火",https://findmestore.thinkr.jp/products/kts-300-0327
kts-300-0328,【春猿火×ヰ世界情緒】神椿報奏部キーホルダーセット／KAMITSUBAKI RADIO CLUB VIRTUAL MINI LIVE,True,2026-08-30T01:17:10.908460+00:00,2026-08-30T01:17:10.908460+00:00,2700,2700,False,False,"fy-18, ヰ世界情緒, 春猿火","fy-18, ヰ世界情緒, 春猿火",https://findmestore.thinkr.jp/products/kts-300-0328
kts-300-0329,【春猿火×ヰ世界情緒】ランダムスクエア缶バッジ（全12種）／KAMITSUBAKI RADIO CLUB VIRTUAL MINI LIVE,True,2026-08-30T01:17:10.908460+00:00,2026-08-30T01:17:10.908460+00:00,500,500,False,False,"fy-18, ヰ世界情緒, 春猿火","fy-18, ヰ世界情緒, 春猿火",https://findmestore.thinkr.jp/products/kts-300-0329
kts-300-0431,【春猿火×ヰ世界情緒】アクリルジオラマ／神椿報奏部 Pleasure Box & OFFICIAL GOODS,True,2026-08-30T01:17:10.908460+00:00,2026-08-30T01:17:10.908460+00:00,7700,7700,True,True,"fy-19, ヰ世界情緒, 春猿火","fy-19, ヰ世界情緒, 春猿火",https://findmestore.thinkr.jp/products/kts-300-0431
kts-300-0432,【春猿火×ヰ世界情緒】台本風ステーショナリーセット／神椿報奏部 Pleasure Box & OFFICIAL GOODS,True,2026-08-30T01:17:10.908460+00:00,2026-08-30T01:17:10.908460+00:00,3800,3800,True,True,"fy-19, ヰ世界情緒, 春猿火","fy-19, ヰ世界情緒, 春猿火",https://findmestore.thinkr.jp/products/kts-300-0432
kts-300-0433,【春猿火×ヰ世界情緒】プリクラ風ステッカーA／神椿報奏部 Pleasure Box & OFFICIAL GOODS,True,2026-08-30T01:17:10.908460+00:00,2026-08-30T01:17:10.908460+00:00,1000,1000,False,False,"fy-19, ヰ世界情緒, 春猿火","fy-19, ヰ世界情緒, 春猿火",https://findmestore.thinkr.jp/products/kts-300-0433
kts-300-0434,【春猿火×ヰ世界情緒】プリクラ風ステッカーB／神椿報奏部 Pleasure Box & OFFICIAL GOODS,True,2026-08-30T01:17:10.908460+00:00,2026-08-30T01:17:10.908460+00:00,1000,1000,False,False,"fy-19, ヰ世界情緒, 春猿火","fy-19, ヰ世界情緒, 春猿火",https://findmestore.thinkr.jp/products/kts-300-0434
kts-300-0483,【春猿火×ヰ世界情緒】Tシャツ ヰ世界情緒 ver.／Singularity Live Vol.4,True,2026-08-30T01:17:10.908460+00:00,2026-08-30T01:17:10.908460+00:00,5000,5000,True,True,"fy-19, ヰ世界情緒","fy-19, ヰ世界情緒",https://findmestore.thinkr.jp/products/kts-300-0483
kts-300-0487,【春猿火×ヰ世界情緒】ヰ世界情緒ミニライブキット／Singularity Live Vol.4,True,2026-08-30T01:17:10.908460+00:00,2026-08-30T01:17:10.908460+00:00,7000,7000,True,True,"fy-19, ヰ世界情緒","fy-19, ヰ世界情緒",https://findmestore.thinkr.jp/products/kts-300-0487
kts-300-0489,【春猿火×ヰ世界情緒】マフラータオル ヰ世界情緒 ver.／Singularity Live Vol.4,True,2026-08-30T01:17:10.908460+00:00,2026-08-30T01:17:10.908460+00:00,3000,3000,True,True,"fy-19, ヰ世界情緒","fy-19, ヰ世界情緒",https://findmestore.thinkr.jp/products/kts-300-0489
kts-300-0490,【春猿火×ヰ世界情緒】ペアバングルセット／Singularity Live Vol.4,True,2026-08-30T01:17:10.908460+00:00,2026-08-30T01:17:10.908460+00:00,25000,25000,False,False,"fy-19, ヰ世界情緒, 春猿火","fy-19, ヰ世界情緒, 春猿火",https://findmestore.thinkr.jp/products/kts-300-0490
kts-300-0491,【春猿火×ヰ世界情緒】ZIPフーディー／Singularity Live Vol.4,True,2026-08-30T01:17:10.908460+00:00,2026-08-30T01:17:10.908460+00:00,8800,8800,True,True,"fy-19, ヰ世界情緒, 春猿火","fy-19, ヰ世界情緒, 春猿火",https://findmestore.thinkr.jp/products/kts-300-0491
kts-300-0494,【春猿火×ヰ世界情緒】H&I スタジアムジャケット／Singularity Live Vol.4,True,2026-08-30T01:17:10.908460+00:00,2026-08-30T01:17:10.908460+00:00,17000,17000,True,True,"fy-19, ヰ世界情緒, 春猿火","fy-19, ヰ世界情緒, 春猿火",https://findmestore.thinkr.jp/products/kts-300-0494
kts-300-0497,【春猿火×ヰ世界情緒】アイコンタンブラー／Singularity Live Vol.4,True,2026-08-30T01:17:10.908460+00:00,2026-08-30T01:17:10.908460+00:00,3900,3900,True,True,"fy-19, ヰ世界情緒, 春猿火","fy-19, ヰ世界情緒, 春猿火",https://findmestore.thinkr.jp/products/kts-300-0497
kts-300-0498,【春猿火×ヰ世界情緒】キービジュアルタペストリー／Singularity Live Vol.4,True,2026-08-30T01:17:10.908460+00:00,2026-08-30T01:17:10.908460+00:00,4900,4900,True,True,"fy-19, ヰ世界情緒, 春猿火","fy-19, ヰ世界情緒, 春猿火",https://findmestore.thinkr.jp/products/kts-300-0498
kts-300-0499,【春猿火×ヰ世界情緒】3層アクリルアートパネル／Singularity Live Vol.4,True,2026-08-30T01:17:10.908460+00:00,2026-08-30T01:17:10.908460+00:00,7700,7700,True,True,"fy-19, ヰ世界情緒, 春猿火","fy-19, ヰ世界情緒, 春猿火",https://findmestore.thinkr.jp/products/kts-300-0499
kts-300-0500,【春猿火×ヰ世界情緒】刺繍キャップ／Singularity Live Vol.4,True,2026-08-30T01:17:10.908460+00:00,2026-08-30T01:17:10.908460+00:00,4500,4500,True,True,"fy-19, ヰ世界情緒, 春猿火","fy-19, ヰ世界情緒, 春猿火",https://findmestore.thinkr.jp/products/kts-300-0500
kts-300-0501,【春猿火×ヰ世界情緒】ランダムミニ色紙／Singularity Live Vol.4,True,2026-08-30T01:17:10.908460+00:00,2026-08-30T01:17:10.908460+00:00,900,900,False,False,"fy-19, ヰ世界情緒, 春猿火","fy-19, ヰ世界情緒, 春猿火",https://findmestore.thinkr.jp/products/kts-300-0501
kts-300-0558,【春猿火×ヰ世界情緒】ミニクッションキーホルダー ヰ世界情緒／TWO-MAN LIVE「Singularity Live Vol.4」OFFICIAL GOODS 第二弾＆ Blu-ray,True,2026-08-30T01:17:10.908460+00:00,2026-08-30T01:17:10.908460+00:00,1300,1300,False,False,"fy-19, ヰ世界情緒","fy-19, ヰ世界情緒",https://findmestore.thinkr.jp/products/kts-300-0558
kts-300-0559,【春猿火×ヰ世界情緒】ホログラム額装アート／TWO-MAN LIVE「Singularity Live Vol.4」OFFICIAL GOODS 第二弾＆ Blu-ray,True,2026-08-30T01:17:10.908460+00:00,2026-08-30T01:17:10.908460+00:00,25000,25000,False,False,"fy-19, ヰ世界情緒, 春猿火","fy-19, ヰ世界情緒, 春猿火",https://findmestore.thinkr.jp/products/kts-300-0559
kts-300-0561,【春猿火×ヰ世界情緒】オルゴール（CALL）／TWO-MAN LIVE「Singularity Live Vol.4」OFFICIAL GOODS 第二弾＆ Blu-ray,True,2026-08-30T01:17:10.908460+00:00,2026-08-30T01:17:10.908460+00:00,16500,16500,False,False,"fy-19, ヰ世界情緒, 春猿火","fy-19, ヰ世界情緒, 春猿火",https://findmestore.thinkr.jp/products/kts-300-0561
kts-300-0589,【春猿火×ヰ世界情緒】ビーズチャーム Produced by ヰ世界情緒／TWO-MAN LIVE「Singularity Live Vol.4」OFFICIAL GOODS 第二弾＆ Blu-ray,True,2026-08-30T01:17:10.908460+00:00,2026-08-30T01:17:10.908460+00:00,3800,3800,False,False,"fy-19, ヰ世界情緒","fy-19, ヰ世界情緒",https://findmestore.thinkr.jp/products/kts-300-0589
kts-300-0689,【KAMITSUBAKI STUDIO】FMS限定 FES応援セット ヰ世界情緒 ver.／KAMITSUBAKI FES '26 FIELD OF RESONANCE OFFICIAL GOODS,True,2026-08-30T01:17:10.908460+00:00,2026-08-30T01:17:10.908460+00:00,14000,14000,False,False,"KAMITSUBAKI STUDIO, fy-20","KAMITSUBAKI STUDIO, fy-20",https://findmestore.thinkr.jp/products/kts-300-0689
rim_isekaijyocho_bd_singularity,【理芽×ヰ世界情緒】TWO-MAN LIVE Blu-ray「Singularity Live」,True,2026-08-30T01:17:10.908460+00:00,2026-08-30T01:17:10.908460+00:00,6600,6600,False,False,"fy-16, ヰ世界情緒, 理芽","fy-16, ヰ世界情緒, 理芽",https://findmestore.thinkr.jp/products/rim_isekaijyocho_bd_singularity
vwp-300-0084,【V.W.P】V.W.P FANTASY ぬいぐるみ／KAMITSUBAKI FES 2023,True,2026-08-30T01:17:10.908460+00:00,2026-08-30T01:17:10.908460+00:00,3850,3850,False,False,"V.W.P, fy-17, ヰ世界情緒, 幸祜, 春猿火, 理芽, 花譜","V.W.P, fy-17, ヰ世界情緒, 幸祜, 春猿火, 理芽, 花譜",https://findmestore.thinkr.jp/products/vwp-300-0084
ヰ世界情緒-1st-album-創生α,【ヰ世界情緒】1st Album「創生α」,True,2026-08-30T01:17:10.908460+00:00,2026-08-30T01:17:10.908460+00:00,5000,5000,False,False,"fy-15, ヰ世界情緒","fy-15, ヰ世界情緒",https://findmestore.thinkr.jp/products/ヰ世界情緒-1st-album-創生α
ヰ世界情緒-1st-album-創生β,【ヰ世界情緒】1st Album「創生β」,True,2026-08-30T01:17:10.908460+00:00,2026-08-30T01:17:10.908460+00:00,5000,5000,True,True,"fy-15, ヰ世界情緒","fy-15, ヰ世界情緒",https://findmestore.thinkr.jp/products/ヰ世界情緒-1st-album-創生β
ヰ世界情緒-anima-ポスター-1st-one-man-live-anima,【ヰ世界情緒】「Anima」ポスター／1st ONE-MAN LIVE「Anima」,True,2026-08-30T01:17:10.908460+00:00,2026-08-30T01:17:10.908460+00:00,550,550,False,False,"fy-15, ヰ世界情緒","fy-15, ヰ世界情緒",https://findmestore.thinkr.jp/products/ヰ世界情緒-anima-ポスター-1st-one-man-live-anima
ヰ世界情緒-anima-ライブパンフレット-1st-one-man-live-anima,【ヰ世界情緒】「Anima」ライブパンフレット／1st ONE-MAN LIVE「Anima」,True,2026-08-30T01:17:10.908460+00:00,2026-08-30T01:17:10.908460+00:00,3300,3300,False,False,"fy-15, ヰ世界情緒","fy-15, ヰ世界情緒",https://findmestore.thinkr.jp/products/ヰ世界情緒-anima-ライブパンフレット-1st-one-man-live-anima
ヰ世界情緒-isekaijoucho-anemos-エコバッグ-1st-one-man-live-anima,【ヰ世界情緒】「isekaijoucho&amp;ANEMOS」エコバッグ／1st ONE-MAN LIVE「Anima」,True,2026-08-30T01:17:10.908460+00:00,2026-08-30T01:17:10.908460+00:00,2200,2200,False,False,"fy-15, ヰ世界情緒","fy-15, ヰ世界情緒",https://findmestore.thinkr.jp/products/ヰ世界情緒-isekaijoucho-anemos-エコバッグ-1st-one-man-live-anima
ヰ世界情緒-sns風キーホルダー,【ヰ世界情緒】SNS風キーホルダー／キャンディライブ2,True,2026-08-30T01:17:10.908460+00:00,2026-08-30T01:17:10.908460+00:00,1300,1300,False,False,"fy-16, ヰ世界情緒","fy-16, ヰ世界情緒",https://findmestore.thinkr.jp/products/ヰ世界情緒-sns風キーホルダー
ヰ世界情緒-somunia-ヰ世界情緒tシャツ-white-cotd展,【ヰ世界情緒】somunia×ヰ世界情緒Tシャツ／WHITE／「COTD展」,True,2026-08-30T01:17:10.908460+00:00,2026-08-30T01:17:10.908460+00:00,7810,7810,False,False,"fy-15, somunia, ヰ世界情緒","fy-15, somunia, ヰ世界情緒",https://findmestore.thinkr.jp/products/ヰ世界情緒-somunia-ヰ世界情緒tシャツ-white-cotd展
ヰ世界情緒-アクリルアートパネル-singularity-live,【ヰ世界情緒】アクリルアートパネル／Singularity Live,True,2026-08-30T01:17:10.908460+00:00,2026-08-30T01:17:10.908460+00:00,8800,8800,False,False,"fy-16, ヰ世界情緒","fy-16, ヰ世界情緒",https://findmestore.thinkr.jp/products/ヰ世界情緒-アクリルアートパネル-singularity-live
ヰ世界情緒-アクリルアートパネル2-キャンディライブ2,【ヰ世界情緒】アクリルアートパネル2／キャンディライブ2,True,2026-08-30T01:17:10.908460+00:00,2026-08-30T01:17:10.908460+00:00,8800,8800,False,False,"fy-16, ヰ世界情緒","fy-16, ヰ世界情緒",https://findmestore.thinkr.jp/products/ヰ世界情緒-アクリルアートパネル2-キャンディライブ2
ヰ世界情緒-アクリルジオラマスタンド-ヰ世界情緒-3rd-anniversary-official-goods,【ヰ世界情緒】アクリルジオラマスタンド／ヰ世界情緒 3rd Anniversary OFFICIAL GOODS,True,2026-08-30T01:17:10.908460+00:00,2026-08-30T01:17:10.908460+00:00,5900,5900,False,False,"fy-16, ヰ世界情緒","fy-16, ヰ世界情緒",https://findmestore.thinkr.jp/products/ヰ世界情緒-アクリルジオラマスタンド-ヰ世界情緒-3rd-anniversary-official-goods
ヰ世界情緒-アクリルスタンド-ネモフィラ-ver-ヰ世界情緒展,【ヰ世界情緒】アクリルスタンド ネモフィラver.／ヰ世界情緒展,True,2026-08-30T01:17:10.908460+00:00,2026-08-30T01:17:10.908460+00:00,2500,2500,False,False,"fy-16, ヰ世界情緒","fy-16, ヰ世界情緒",https://findmestore.thinkr.jp/products/ヰ世界情緒-アクリルスタンド-ネモフィラ-ver-ヰ世界情緒展
ヰ世界情緒-アニバーサリーネックレス-ヰ世界情緒-3rd-anniversary-official-goods,【ヰ世界情緒】アニバーサリーネックレス／ヰ世界情緒 3rd Anniversary OFFICIAL GOODS,True,2026-08-30T01:17:10.908460+00:00,2026-08-30T01:17:10.908460+00:00,29800,29800,False,False,"fy-16, ヰ世界情緒","fy-16, ヰ世界情緒",https://findmestore.thinkr.jp/products/ヰ世界情緒-アニバーサリーネックレス-ヰ世界情緒-3rd-anniversary-official-goods
ヰ世界情緒-アートパネル-ヰ世界情緒展,【ヰ世界情緒】アートパネル／ヰ世界情緒展,True,2026-08-30T01:17:10.908460+00:00,2026-08-30T01:17:10.908460+00:00,13200,13200,False,False,"fy-16, ヰ世界情緒","fy-16, ヰ世界情緒",https://findmestore.thinkr.jp/products/ヰ世界情緒-アートパネル-ヰ世界情緒展
ヰ世界情緒-アートパネル-神椿展,【ヰ世界情緒】アートパネル／神椿展,True,2026-08-30T01:17:10.908460+00:00,2026-08-30T01:17:10.908460+00:00,13200,13200,False,False,"fy-15, ヰ世界情緒","fy-15, ヰ世界情緒",https://findmestore.thinkr.jp/products/ヰ世界情緒-アートパネル-神椿展
ヰ世界情緒-イラストクリアファイルセット-singularity-live,【ヰ世界情緒】イラストクリアファイルセット／Singularity Live,True,2026-08-30T01:17:10.908460+00:00,2026-08-30T01:17:10.908460+00:00,1500,1500,False,False,"fy-16, ヰ世界情緒","fy-16, ヰ世界情緒",https://findmestore.thinkr.jp/products/ヰ世界情緒-イラストクリアファイルセット-singularity-live
ヰ世界情緒-イラストトートバッグ-キャンディライブ,【ヰ世界情緒】イラストトートバッグ／「キャンディライブ」,True,2026-08-30T01:17:10.908460+00:00,2026-08-30T01:17:10.908460+00:00,4400,4400,False,False,"fy-15, ヰ世界情緒","fy-15, ヰ世界情緒",https://findmestore.thinkr.jp/products/ヰ世界情緒-イラストトートバッグ-キャンディライブ
ヰ世界情緒-オリジナルオードトワレ-ヰ世界情緒-3rd-anniversary-official-goods,【ヰ世界情緒】オリジナルオードトワレ／ヰ世界情緒 3rd Anniversary OFFICIAL GOODS,True,2026-08-30T01:17:10.908460+00:00,2026-08-30T01:17:10.908460+00:00,6500,6500,False,False,"fy-16, ヰ世界情緒","fy-16, ヰ世界情緒",https://findmestore.thinkr.jp/products/ヰ世界情緒-オリジナルオードトワレ-ヰ世界情緒-3rd-anniversary-official-goods
ヰ世界情緒-クリエイター作品集-ヰ世界情緒展,【ヰ世界情緒】クリエイター作品集「軌跡」／ヰ世界情緒展,True,2026-08-30T01:17:10.908460+00:00,2026-08-30T01:17:10.908460+00:00,2000,2000,False,False,"fy-16, ヰ世界情緒","fy-16, ヰ世界情緒",https://findmestore.thinkr.jp/products/ヰ世界情緒-クリエイター作品集-ヰ世界情緒展
ヰ世界情緒-グラフィックパーカー-ヰ世界情緒展,【ヰ世界情緒】グラフィックパーカー／ヰ世界情緒展,True,2026-08-30T01:17:10.908460+00:00,2026-08-30T01:17:10.908460+00:00,8800,8800,False,False,"fy-16, ヰ世界情緒","fy-16, ヰ世界情緒",https://findmestore.thinkr.jp/products/ヰ世界情緒-グラフィックパーカー-ヰ世界情緒展
ヰ世界情緒-ゴミダスフレークシール-ヰ世界情緒展,【ヰ世界情緒】ゴミダスフレークシール／ヰ世界情緒展,True,2026-08-30T01:17:10.908460+00:00,2026-08-30T01:17:10.908460+00:00,1000,1000,False,False,"fy-16, ヰ世界情緒","fy-16, ヰ世界情緒",https://findmestore.thinkr.jp/products/ヰ世界情緒-ゴミダスフレークシール-ヰ世界情緒展
ヰ世界情緒-サーモタンブラー-singularity-live,【ヰ世界情緒】サーモタンブラー／Singularity Live,True,2026-08-30T01:17:10.908460+00:00,2026-08-30T01:17:10.908460+00:00,3500,3500,False,False,"fy-16, ヰ世界情緒","fy-16, ヰ世界情緒",https://findmestore.thinkr.jp/products/ヰ世界情緒-サーモタンブラー-singularity-live
ヰ世界情緒-ジクレーアート-ヰ世界情緒-ver-ヰ世界情緒展,【ヰ世界情緒】ジクレーアート ヰ世界情緒ver.／ヰ世界情緒展,True,2026-08-30T01:17:10.908460+00:00,2026-08-30T01:17:10.908460+00:00,66000,66000,False,False,"fy-16, ヰ世界情緒","fy-16, ヰ世界情緒",https://findmestore.thinkr.jp/products/ヰ世界情緒-ジクレーアート-ヰ世界情緒-ver-ヰ世界情緒展
ヰ世界情緒-ジクレーアート-ヰ世界情緒展,【ヰ世界情緒】ジクレーアート れおえんver.／ヰ世界情緒展,True,2026-08-30T01:17:10.908460+00:00,2026-08-30T01:17:10.908460+00:00,66000,66000,False,False,"fy-16, ヰ世界情緒","fy-16, ヰ世界情緒",https://findmestore.thinkr.jp/products/ヰ世界情緒-ジクレーアート-ヰ世界情緒展
ヰ世界情緒-ステッカーセット2-1st-one-man-live-anima,【ヰ世界情緒】ステッカーセット2／1st ONE-MAN LIVE「Anima」,True,2026-08-30T01:17:10.908460+00:00,2026-08-30T01:17:10.908460+00:00,1650,1650,False,False,"fy-15, ヰ世界情緒","fy-15, ヰ世界情緒",https://findmestore.thinkr.jp/products/ヰ世界情緒-ステッカーセット2-1st-one-man-live-anima
ヰ世界情緒-ダイカットキーケース-ヰ世界情緒-3rd-anniversary-official-goods,【ヰ世界情緒】ダイカットキーケース／ヰ世界情緒 3rd Anniversary OFFICIAL GOODS,True,2026-08-30T01:17:10.908460+00:00,2026-08-30T01:17:10.908460+00:00,3500,3500,False,False,"fy-16, ヰ世界情緒","fy-16, ヰ世界情緒",https://findmestore.thinkr.jp/products/ヰ世界情緒-ダイカットキーケース-ヰ世界情緒-3rd-anniversary-official-goods
ヰ世界情緒-バックパック-singularity-live,【ヰ世界情緒】バックパック／Singularity Live,True,2026-08-30T01:17:10.908460+00:00,2026-08-30T01:17:10.908460+00:00,9500,9500,False,False,"fy-16, ヰ世界情緒","fy-16, ヰ世界情緒",https://findmestore.thinkr.jp/products/ヰ世界情緒-バックパック-singularity-live
ヰ世界情緒-ビジュアルクリアケース-ヰ世界情緒展,【ヰ世界情緒】ビジュアルクリアケース／ヰ世界情緒展,True,2026-08-30T01:17:10.908460+00:00,2026-08-30T01:17:10.908460+00:00,1100,1100,False,False,"fy-16, ヰ世界情緒","fy-16, ヰ世界情緒",https://findmestore.thinkr.jp/products/ヰ世界情緒-ビジュアルクリアケース-ヰ世界情緒展
ヰ世界情緒-ポストカードセット-ヰ世界情緒展,【ヰ世界情緒】ポストカードセット／ヰ世界情緒展,True,2026-08-30T01:17:10.908460+00:00,2026-08-30T01:17:10.908460+00:00,1500,1500,False,False,"fy-16, ヰ世界情緒","fy-16, ヰ世界情緒",https://findmestore.thinkr.jp/products/ヰ世界情緒-ポストカードセット-ヰ世界情緒展
ヰ世界情緒-ミニクッション-魔女展-1,【ヰ世界情緒】ミニクッション／「魔女展」,True,2026-08-30T01:17:10.908460+00:00,2026-08-30T01:17:10.908460+00:00,4180,4180,False,False,"fy-15, ヰ世界情緒","fy-15, ヰ世界情緒",https://findmestore.thinkr.jp/products/ヰ世界情緒-ミニクッション-魔女展-1
ヰ世界情緒-ミニクッション2-1st-one-man-live-anima,【ヰ世界情緒】ミニクッション2／1st ONE-MAN LIVE「Anima」,True,2026-08-30T01:17:10.908460+00:00,2026-08-30T01:17:10.908460+00:00,4180,4180,False,False,"fy-15, ヰ世界情緒","fy-15, ヰ世界情緒",https://findmestore.thinkr.jp/products/ヰ世界情緒-ミニクッション2-1st-one-man-live-anima
ヰ世界情緒-ミニクッション3-ヰ世界情緒展,【ヰ世界情緒】ミニクッション3／ヰ世界情緒展,True,2026-08-30T01:17:10.908460+00:00,2026-08-30T01:17:10.908460+00:00,4200,4200,False,False,"fy-16, ヰ世界情緒","fy-16, ヰ世界情緒",https://findmestore.thinkr.jp/products/ヰ世界情緒-ミニクッション3-ヰ世界情緒展
ヰ世界情緒-ランダムミニアクリルキーホルダー-コミックマーケット101出展記念,【ヰ世界情緒】ランダムミニアクリルキーホルダー／コミックマーケット101出展記念,True,2026-08-30T01:17:10.908460+00:00,2026-08-30T01:17:10.908460+00:00,500,500,False,False,"fy-16, ヰ世界情緒","fy-16, ヰ世界情緒",https://findmestore.thinkr.jp/products/ヰ世界情緒-ランダムミニアクリルキーホルダー-コミックマーケット101出展記念
ヰ世界情緒-ランダム缶バッジ-1st-one-man-live-anima,【ヰ世界情緒】ランダム缶バッジ／1st ONE-MAN LIVE「Anima」,True,2026-08-30T01:17:10.908460+00:00,2026-08-30T01:17:10.908460+00:00,440,440,False,False,"fy-15, ヰ世界情緒","fy-15, ヰ世界情緒",https://findmestore.thinkr.jp/products/ヰ世界情緒-ランダム缶バッジ-1st-one-man-live-anima
ヰ世界情緒-ランダム缶バッジ2-ヰ世界情緒展,【ヰ世界情緒】ランダム缶バッジ2／ヰ世界情緒展,True,2026-08-30T01:17:10.908460+00:00,2026-08-30T01:17:10.908460+00:00,440,440,False,False,"fy-16, ヰ世界情緒","fy-16, ヰ世界情緒",https://findmestore.thinkr.jp/products/ヰ世界情緒-ランダム缶バッジ2-ヰ世界情緒展
ヰ世界情緒-リングショルダーバッグ-ヰ世界情緒展,【ヰ世界情緒】リングショルダーバッグ／ヰ世界情緒展,True,2026-08-30T01:17:10.908460+00:00,2026-08-30T01:17:10.908460+00:00,3600,3600,False,False,"fy-16, ヰ世界情緒","fy-16, ヰ世界情緒",https://findmestore.thinkr.jp/products/ヰ世界情緒-リングショルダーバッグ-ヰ世界情緒展
ヰ世界情緒-リール付きパスケース-singularity-live,【ヰ世界情緒】リール付きパスケース／Singularity Live,True,2026-08-30T01:17:10.908460+00:00,2026-08-30T01:17:10.908460+00:00,2800,2800,False,False,"fy-16, ヰ世界情緒","fy-16, ヰ世界情緒",https://findmestore.thinkr.jp/products/ヰ世界情緒-リール付きパスケース-singularity-live
ヰ世界情緒-ヰ世界情緒作品集-ヰ世界情緒展,【ヰ世界情緒】ヰ世界情緒作品集「息吹」／ヰ世界情緒展,True,2026-08-30T01:17:10.908460+00:00,2026-08-30T01:17:10.908460+00:00,2000,2000,False,False,"fy-16, ヰ世界情緒","fy-16, ヰ世界情緒",https://findmestore.thinkr.jp/products/ヰ世界情緒-ヰ世界情緒作品集-ヰ世界情緒展
ヰ世界情緒-ヰ世界情緒作品集-息吹-connecting-world-コミックマーケット101出展記念,【ヰ世界情緒】ヰ世界情緒作品集「息吹 - connecting world - 」／コミックマーケット101出展記念,True,2026-08-30T01:17:10.908460+00:00,2026-08-30T01:17:10.908460+00:00,2500,2500,False,False,"fy-16, ヰ世界情緒","fy-16, ヰ世界情緒",https://findmestore.thinkr.jp/products/ヰ世界情緒-ヰ世界情緒作品集-息吹-connecting-world-コミックマーケット101出展記念
ヰ世界情緒-ヰ世界情緒展タペストリー-ヰ世界情緒展,【ヰ世界情緒】ヰ世界情緒展タペストリー／ヰ世界情緒展,True,2026-08-30T01:17:10.908460+00:00,2026-08-30T01:17:10.908460+00:00,3900,3900,False,False,"fy-16, ヰ世界情緒","fy-16, ヰ世界情緒",https://findmestore.thinkr.jp/products/ヰ世界情緒-ヰ世界情緒展タペストリー-ヰ世界情緒展
ヰ世界情緒-刺繍tシャツ-ブラック-singularity-live,【ヰ世界情緒】刺繍Tシャツ／ブラック／Singularity Live,True,2026-08-30T01:17:10.908460+00:00,2026-08-30T01:17:10.908460+00:00,4900,4900,False,False,"fy-16, ヰ世界情緒","fy-16, ヰ世界情緒",https://findmestore.thinkr.jp/products/ヰ世界情緒-刺繍tシャツ-ブラック-singularity-live
ヰ世界情緒-刺繍tシャツ-ホワイト-singularity-live,【ヰ世界情緒】刺繍Tシャツ／ホワイト／Singularity Live,True,2026-08-30T01:17:10.908460+00:00,2026-08-30T01:17:10.908460+00:00,4900,4900,False,False,"fy-16, ヰ世界情緒","fy-16, ヰ世界情緒",https://findmestore.thinkr.jp/products/ヰ世界情緒-刺繍tシャツ-ホワイト-singularity-live
ヰ世界情緒-刺繍キャップ-singularity-live,【ヰ世界情緒】刺繍キャップ／Singularity Live,True,2026-08-30T01:17:10.908460+00:00,2026-08-30T01:17:10.908460+00:00,3900,3900,False,False,"fy-16, ヰ世界情緒","fy-16, ヰ世界情緒",https://findmestore.thinkr.jp/products/ヰ世界情緒-刺繍キャップ-singularity-live
ヰ世界情緒-刺繍マルチポーチ-singularity-live,【ヰ世界情緒】刺繍マルチポーチ／Singularity Live,True,2026-08-30T01:17:10.908460+00:00,2026-08-30T01:17:10.908460+00:00,3000,3000,False,False,"fy-16, ヰ世界情緒","fy-16, ヰ世界情緒",https://findmestore.thinkr.jp/products/ヰ世界情緒-刺繍マルチポーチ-singularity-live
ヰ世界情緒-創生-バックプリントスウェットトップ-1st-album-創生,【ヰ世界情緒】「創生」スウェットトップス／1st Album「創生」,True,2026-08-30T01:17:10.908460+00:00,2026-08-30T01:17:10.908460+00:00,7700,7700,False,False,"fy-15, ヰ世界情緒","fy-15, ヰ世界情緒",https://findmestore.thinkr.jp/products/ヰ世界情緒-創生-バックプリントスウェットトップ-1st-album-創生
ヰ世界情緒-衣装-アネモネ-コスチュームブルゾン-ヰ世界情緒-3rd-anniversary-official-goods,【ヰ世界情緒】ブルゾン アネモネver.／ヰ世界情緒 3rd Anniversary OFFICIAL GOODS,True,2026-08-30T01:17:10.908460+00:00,2026-08-30T01:17:10.908460+00:00,28500,28500,False,False,"fy-16, ヰ世界情緒","fy-16, ヰ世界情緒",https://findmestore.thinkr.jp/products/ヰ世界情緒-衣装-アネモネ-コスチュームブルゾン-ヰ世界情緒-3rd-anniversary-official-goods
春猿火-ヰ世界情緒-oresama-ficty-kamitsubakiクリアファイルセット-cotd展,【春猿火】【ヰ世界情緒】【ORESAMA】Ficty×KAMITSUBAKIクリアファイルセット／「COTD展」,True,2026-08-30T01:17:10.908460+00:00,2026-08-30T01:17:10.908460+00:00,1320,1320,False,False,"ORESAMA, fy-15, ヰ世界情緒, 春猿火","ORESAMA, fy-15, ヰ世界情緒, 春猿火",https://findmestore.thinkr.jp/products/春猿火-ヰ世界情緒-oresama-ficty-kamitsubakiクリアファイルセット-cotd展
理芽-ヰ世界情緒-singularity-live-tシャツ-singularity-live,【理芽×ヰ世界情緒】「Singularity Live」Tシャツ／Singularity Live,True,2026-08-30T01:17:10.908460+00:00,2026-08-30T01:17:10.908460+00:00,4200,4200,False,False,"fy-16, ヰ世界情緒, 理芽","fy-16, ヰ世界情緒, 理芽",https://findmestore.thinkr.jp/products/理芽-ヰ世界情緒-singularity-live-tシャツ-singularity-live
理芽-ヰ世界情緒-キービジュアルポスター-singularity-live,【理芽×ヰ世界情緒】キービジュアルポスター／Singularity Live,True,2026-08-30T01:17:10.908460+00:00,2026-08-30T01:17:10.908460+00:00,550,550,False,False,"fy-16, ヰ世界情緒, 理芽","fy-16, ヰ世界情緒, 理芽",https://findmestore.thinkr.jp/products/理芽-ヰ世界情緒-キービジュアルポスター-singularity-live
理芽-ヰ世界情緒-キービジュアルポスター-singularity-live-1,【理芽×ヰ世界情緒】ランダム缶バッジ／Singularity Live,True,2026-08-30T01:17:10.908460+00:00,2026-08-30T01:17:10.908460+00:00,500,500,False,False,"fy-16, ヰ世界情緒, 理芽","fy-16, ヰ世界情緒, 理芽",https://findmestore.thinkr.jp/products/理芽-ヰ世界情緒-キービジュアルポスター-singularity-live-1
